Date,Home,Away,Time,TV
Tuesday 22 October 2024,Boston Celtics,New York Knicks,19:30,TNT
Tuesday 22 October 2024,Los Angeles Lakers,Minnesota Timberwolves,22:00,TNT
Wednesday 23 October 2024,Detroit Pistons,Indiana Pacers,19:00,NBA League Pass
Wednesday 23 October 2024,Philadelphia 76ers,Milwaukee Bucks,19:30,ESPN
Wednesday 23 October 2024,Atlanta Hawks,Brooklyn Nets,19:30,NBA League Pass
Wednesday 23 October 2024,Miami Heat,Orlando Magic,19:30,NBA League Pass
Wednesday 23 October 2024,Toronto Raptors,Cleveland Cavaliers,19:30,NBA League Pass
Wednesday 23 October 2024,Houston Rockets,Charlotte Hornets,20:00,NBA League Pass
Wednesday 23 October 2024,New Orleans Pelicans,Chicago Bulls,20:00,NBA League Pass
Wednesday 23 October 2024,Utah Jazz,Memphis Grizzlies,21:00,NBA League Pass
Wednesday 23 October 2024,LA Clippers,Phoenix Suns,22:00,ESPN
Wednesday 23 October 2024,Portland Trail Blazers,Golden State Warriors,22:00,NBA League Pass
Thursday 24 October 2024,Washington Wizards,Boston Celtics,19:00,NBA League Pass
Thursday 24 October 2024,Dallas Mavericks,San Antonio Spurs,19:30,TNT
Thursday 24 October 2024,Denver Nuggets,Oklahoma City Thunder,22:00,TNT
Thursday 24 October 2024,Sacramento Kings,Minnesota Timberwolves,22:00,NBA League Pass
Friday 25 October 2024,Orlando Magic,Brooklyn Nets,19:00,NBA League Pass
Friday 25 October 2024,Toronto Raptors,Philadelphia 76ers,19:00,NBA League Pass
Friday 25 October 2024,New York Knicks,Indiana Pacers,19:30,ESPN
Friday 25 October 2024,Atlanta Hawks,Charlotte Hornets,19:30,NBA League Pass
Friday 25 October 2024,Cleveland Cavaliers,Detroit Pistons,19:30,NBA League Pass
Friday 25 October 2024,Houston Rockets,Memphis Grizzlies,20:00,NBA League Pass
Friday 25 October 2024,Milwaukee Bucks,Chicago Bulls,20:00,NBA League Pass
Friday 25 October 2024,Utah Jazz,Golden State Warriors,21:30,NBA League Pass
Friday 25 October 2024,Los Angeles Lakers,Phoenix Suns,22:00,ESPN
Friday 25 October 2024,Portland Trail Blazers,New Orleans Pelicans,22:00,NBA League Pass
Saturday 26 October 2024,Denver Nuggets,LA Clippers,17:00,NBATV
Saturday 26 October 2024,Charlotte Hornets,Miami Heat,19:00,NBA League Pass
Saturday 26 October 2024,Detroit Pistons,Boston Celtics,19:00,NBA League Pass
Saturday 26 October 2024,Washington Wizards,Cleveland Cavaliers,19:00,NBA League Pass
Saturday 26 October 2024,Chicago Bulls,Oklahoma City Thunder,20:00,NBA League Pass
Saturday 26 October 2024,Memphis Grizzlies,Orlando Magic,20:00,NBATV
Saturday 26 October 2024,Minnesota Timberwolves,Toronto Raptors,20:00,NBA League Pass
Saturday 26 October 2024,San Antonio Spurs,Houston Rockets,20:30,NBA League Pass
Saturday 26 October 2024,Phoenix Suns,Dallas Mavericks,22:00,NBA League Pass
Saturday 26 October 2024,Los Angeles Lakers,Sacramento Kings,22:30,NBATV
Sunday 27 October 2024,Indiana Pacers,Philadelphia 76ers,15:30,NBA League Pass
Sunday 27 October 2024,Brooklyn Nets,Milwaukee Bucks,18:00,NBA League Pass
Sunday 27 October 2024,Portland Trail Blazers,New Orleans Pelicans,18:00,NBA League Pass
Sunday 27 October 2024,Oklahoma City Thunder,Atlanta Hawks,19:00,NBA League Pass
Sunday 27 October 2024,Golden State Warriors,LA Clippers,20:30,NBA League Pass
Monday 28 October 2024,Orlando Magic,Indiana Pacers,19:00,NBA League Pass
Monday 28 October 2024,Boston Celtics,Milwaukee Bucks,19:30,NBATV
Monday 28 October 2024,Atlanta Hawks,Washington Wizards,19:30,NBA League Pass
Monday 28 October 2024,Miami Heat,Detroit Pistons,19:30,NBA League Pass
Monday 28 October 2024,New York Knicks,Cleveland Cavaliers,19:30,NBA League Pass
Monday 28 October 2024,Toronto Raptors,Denver Nuggets,19:30,NBA League Pass
Monday 28 October 2024,Memphis Grizzlies,Chicago Bulls,20:00,NBA League Pass
Monday 28 October 2024,San Antonio Spurs,Houston Rockets,20:00,NBA League Pass
Monday 28 October 2024,Dallas Mavericks,Utah Jazz,20:30,NBA League Pass
Monday 28 October 2024,Phoenix Suns,Los Angeles Lakers,22:00,NBATV
Monday 28 October 2024,Sacramento Kings,Portland Trail Blazers,22:00,NBA League Pass
Tuesday 29 October 2024,Brooklyn Nets,Denver Nuggets,19:30,NBA League Pass
Tuesday 29 October 2024,Minnesota Timberwolves,Dallas Mavericks,19:30,TNT
Tuesday 29 October 2024,Utah Jazz,Sacramento Kings,21:00,NBA League Pass
Tuesday 29 October 2024,Golden State Warriors,New Orleans Pelicans,22:00,TNT
Wednesday 30 October 2024,Charlotte Hornets,Toronto Raptors,19:00,NBA League Pass
Wednesday 30 October 2024,Cleveland Cavaliers,Los Angeles Lakers,19:00,NBA League Pass
Wednesday 30 October 2024,Indiana Pacers,Boston Celtics,19:00,ESPN
Wednesday 30 October 2024,Philadelphia 76ers,Detroit Pistons,19:00,NBA League Pass
Wednesday 30 October 2024,Washington Wizards,Atlanta Hawks,19:00,NBA League Pass
Wednesday 30 October 2024,Miami Heat,New York Knicks,19:30,NBA League Pass
Wednesday 30 October 2024,Chicago Bulls,Orlando Magic,20:00,NBA League Pass
Wednesday 30 October 2024,Memphis Grizzlies,Brooklyn Nets,20:00,NBA League Pass
Wednesday 30 October 2024,Oklahoma City Thunder,San Antonio Spurs,21:30,ESPN
Wednesday 30 October 2024,Golden State Warriors,New Orleans Pelicans,22:00,NBA League Pass
Wednesday 30 October 2024,LA Clippers,Portland Trail Blazers,22:30,NBA League Pass
Thursday 31 October 2024,Memphis Grizzlies,Milwaukee Bucks,20:00,NBATV
Thursday 31 October 2024,Dallas Mavericks,Houston Rockets,20:30,NBA League Pass
Thursday 31 October 2024,Utah Jazz,San Antonio Spurs,21:00,NBA League Pass
Thursday 31 October 2024,LA Clippers,Phoenix Suns,22:30,NBATV
Friday 1 November 2024,Cleveland Cavaliers,Orlando Magic,19:00,ESPN
Friday 1 November 2024,Charlotte Hornets,Boston Celtics,19:00,NBA League Pass
Friday 1 November 2024,Detroit Pistons,New York Knicks,19:00,NBA League Pass
Friday 1 November 2024,Atlanta Hawks,Sacramento Kings,19:30,NBA League Pass
Friday 1 November 2024,Brooklyn Nets,Chicago Bulls,19:30,NBA League Pass
Friday 1 November 2024,Toronto Raptors,Los Angeles Lakers,19:30,NBA League Pass
Friday 1 November 2024,New Orleans Pelicans,Indiana Pacers,20:00,NBA League Pass
Friday 1 November 2024,Portland Trail Blazers,Oklahoma City Thunder,22:00,NBA League Pass
Friday 1 November 2024,Minnesota Timberwolves,Denver Nuggets,21:30,ESPN
Saturday 2 November 2024,Charlotte Hornets,Boston Celtics,18:00,NBA League Pass
Saturday 2 November 2024,Philadelphia 76ers,Memphis Grizzlies,19:30,NBA League Pass
Saturday 2 November 2024,Toronto Raptors,Sacramento Kings,19:30,NBA League Pass
Saturday 2 November 2024,Houston Rockets,Golden State Warriors,20:00,NBA League Pass
Saturday 2 November 2024,Milwaukee Bucks,Cleveland Cavaliers,20:00,NBA League Pass
Saturday 2 November 2024,San Antonio Spurs,Minnesota Timberwolves,20:00,NBA League Pass
Saturday 2 November 2024,Denver Nuggets,Utah Jazz,22:00,NBA League Pass
Saturday 2 November 2024,Phoenix Suns,Portland Trail Blazers,22:00,NBA League Pass
Saturday 2 November 2024,LA Clippers,Oklahoma City Thunder,22:30,NBA League Pass
Saturday 2 November 2024,Washington Wizards,Miami Heat,21:30,NBATV
Sunday 3 November 2024,Brooklyn Nets,Detroit Pistons,15:30,NBA League Pass
Sunday 3 November 2024,New Orleans Pelicans,Atlanta Hawks,19:00,NBA League Pass
Sunday 3 November 2024,Dallas Mavericks,Orlando Magic,19:30,NBA League Pass
Monday 4 November 2024,Cleveland Cavaliers,Milwaukee Bucks,19:00,NBATV
Monday 4 November 2024,Washington Wizards,Golden State Warriors,19:15,NBA League Pass
Monday 4 November 2024,Detroit Pistons,Los Angeles Lakers,19:30,NBA League Pass
Monday 4 November 2024,Atlanta Hawks,Boston Celtics,19:45,NBA League Pass
Monday 4 November 2024,Brooklyn Nets,Memphis Grizzlies,20:00,NBA League Pass
Monday 4 November 2024,Miami Heat,Sacramento Kings,20:15,NBA League Pass
Monday 4 November 2024,Chicago Bulls,Utah Jazz,20:30,NBA League Pass
Monday 4 November 2024,Houston Rockets,New York Knicks,20:45,NBA League Pass
Monday 4 November 2024,Minnesota Timberwolves,Charlotte Hornets,21:00,NBA League Pass
Monday 4 November 2024,Oklahoma City Thunder,Orlando Magic,21:15,NBA League Pass
Monday 4 November 2024,New Orleans Pelicans,Portland Trail Blazers,21:30,NBA League Pass
Monday 4 November 2024,Dallas Mavericks,Indiana Pacers,21:45,NBA League Pass
Monday 4 November 2024,Denver Nuggets,Toronto Raptors,22:00,NBA League Pass
Monday 4 November 2024,LA Clippers,San Antonio Spurs,22:30,NBA League Pass
Monday 4 November 2024,Phoenix Suns,Philadelphia 76ers,22:15,NBATV
Wednesday 6 November 2024,Boston Celtics,Golden State Warriors,19:30,ESPN
Wednesday 6 November 2024,Charlotte Hornets,Detroit Pistons,19:00,NBA League Pass
Wednesday 6 November 2024,Indiana Pacers,Orlando Magic,19:00,NBA League Pass
Wednesday 6 November 2024,Atlanta Hawks,New York Knicks,19:30,NBA League Pass
Wednesday 6 November 2024,Houston Rockets,San Antonio Spurs,20:00,NBA League Pass
Wednesday 6 November 2024,Memphis Grizzlies,Los Angeles Lakers,20:00,NBA League Pass
Wednesday 6 November 2024,New Orleans Pelicans,Cleveland Cavaliers,20:00,NBA League Pass
Wednesday 6 November 2024,Dallas Mavericks,Chicago Bulls,20:30,NBA League Pass
Wednesday 6 November 2024,Denver Nuggets,Oklahoma City Thunder,21:00,NBA League Pass
Wednesday 6 November 2024,Phoenix Suns,Miami Heat,21:00,NBA League Pass
Wednesday 6 November 2024,Sacramento Kings,Toronto Raptors,22:00,NBA League Pass
Wednesday 6 November 2024,LA Clippers,Philadelphia 76ers,22:00,ESPN
Thursday 7 November 2024,Chicago Bulls,Minnesota Timberwolves,20:00,NBATV
Thursday 7 November 2024,Milwaukee Bucks,Utah Jazz,20:00,NBA League Pass
Thursday 7 November 2024,San Antonio Spurs,Portland Trail Blazers,20:00,NBA League Pass
Friday 8 November 2024,Dallas Mavericks,Phoenix Suns,19:30,ESPN
Friday 8 November 2024,Los Angeles Lakers,Philadelphia 76ers,22:00,ESPN
Friday 8 November 2024,Charlotte Hornets,Indiana Pacers,19:00,NBA League Pass
Friday 8 November 2024,Detroit Pistons,Atlanta Hawks,19:00,NBA League Pass
Friday 8 November 2024,Orlando Magic,New Orleans Pelicans,19:00,NBA League Pass
Friday 8 November 2024,Boston Celtics,Brooklyn Nets,19:30,NBA League Pass
Friday 8 November 2024,Cleveland Cavaliers,Golden State Warriors,19:30,NBA League Pass
Friday 8 November 2024,New York Knicks,Milwaukee Bucks,19:30,NBA League Pass
Friday 8 November 2024,Memphis Grizzlies,Washington Wizards,20:00,NBA League Pass
Friday 8 November 2024,Oklahoma City Thunder,Houston Rockets,20:00,NBA League Pass
Friday 8 November 2024,Minnesota Timberwolves,Portland Trail Blazers,21:00,NBA League Pass
Friday 8 November 2024,Denver Nuggets,Miami Heat,21:00,NBA League Pass
Friday 8 November 2024,Sacramento Kings,LA Clippers,22:00,NBA League Pass
Saturday 9 November 2024,San Antonio Spurs,Utah Jazz,17:00,NBATV
Saturday 9 November 2024,Cleveland Cavaliers,Brooklyn Nets,19:30,NBATV
Saturday 9 November 2024,LA Clippers,Toronto Raptors,22:30,NBATV
Saturday 9 November 2024,Atlanta Hawks,Chicago Bulls,19:30,NBA League Pass
Sunday 10 November 2024,Detroit Pistons,Houston Rockets,15:00,NBA League Pass
Sunday 10 November 2024,Milwaukee Bucks,Boston Celtics,15:30,NBA League Pass
Sunday 10 November 2024,Indiana Pacers,New York Knicks,17:00,NBA League Pass
Sunday 10 November 2024,Orlando Magic,Washington Wizards,18:00,NBA League Pass
Sunday 10 November 2024,Philadelphia 76ers,Charlotte Hornets,19:00,NBA League Pass
Sunday 10 November 2024,Minnesota Timberwolves,Miami Heat,19:00,NBA League Pass
Sunday 10 November 2024,Oklahoma City Thunder,Golden State Warriors,19:00,NBA League Pass
Sunday 10 November 2024,Denver Nuggets,Dallas Mavericks,20:00,NBA League Pass
Sunday 10 November 2024,Phoenix Suns,Sacramento Kings,20:00,NBA League Pass
Sunday 10 November 2024,Portland Trail Blazers,Memphis Grizzlies,21:00,NBA League Pass
Sunday 10 November 2024,Los Angeles Lakers,Toronto Raptors,21:30,NBA League Pass
Monday 11 November 2024,Oklahoma City Thunder,LA Clippers,20:00,NBATV
Monday 11 November 2024,Chicago Bulls,Cleveland Cavaliers,20:00,NBA League Pass
Monday 11 November 2024,Houston Rockets,Washington Wizards,20:00,NBA League Pass
Monday 11 November 2024,New Orleans Pelicans,Brooklyn Nets,20:00,NBA League Pass
Monday 11 November 2024,San Antonio Spurs,Sacramento Kings,20:00,NBA League Pass
Tuesday 12 November 2024,Philadelphia 76ers,New York Knicks,19:30,TNT
Tuesday 12 November 2024,Golden State Warriors,Dallas Mavericks,22:00,TNT
Tuesday 12 November 2024,Boston Celtics,Atlanta Hawks,19:00,NBA League Pass
Tuesday 12 November 2024,Detroit Pistons,Miami Heat,19:00,NBA League Pass
Tuesday 12 November 2024,Orlando Magic,Charlotte Hornets,19:00,NBA League Pass
Tuesday 12 November 2024,Milwaukee Bucks,Toronto Raptors,20:00,NBA League Pass
Tuesday 12 November 2024,Utah Jazz,Phoenix Suns,21:00,NBA League Pass
Tuesday 12 November 2024,Portland Trail Blazers,Minnesota Timberwolves,22:00,NBA League Pass
Wednesday 13 November 2024,Oklahoma City Thunder,New Orleans Pelicans,19:30,ESPN
Wednesday 13 November 2024,Los Angeles Lakers,Memphis Grizzlies,22:00,ESPN
Wednesday 13 November 2024,Orlando Magic,Indiana Pacers,19:00,NBA League Pass
Wednesday 13 November 2024,Brooklyn Nets,Boston Celtics,19:30,NBA League Pass
Wednesday 13 November 2024,New York Knicks,Chicago Bulls,19:30,NBA League Pass
Wednesday 13 November 2024,Philadelphia 76ers,Cleveland Cavaliers,19:30,NBA League Pass
Wednesday 13 November 2024,Houston Rockets,LA Clippers,20:00,NBA League Pass
Wednesday 13 November 2024,Milwaukee Bucks,Detroit Pistons,20:00,NBA League Pass
Wednesday 13 November 2024,San Antonio Spurs,Washington Wizards,20:00,NBA League Pass
Wednesday 13 November 2024,Portland Trail Blazers,Minnesota Timberwolves,22:00,NBA League Pass
Wednesday 13 November 2024,Sacramento Kings,Phoenix Suns,22:00,NBA League Pass
Thursday 14 November 2024,Utah Jazz,Dallas Mavericks,21:00,NBATV
Friday 15 November 2024,San Antonio Spurs,Los Angeles Lakers,19:30,ESPN
Friday 15 November 2024,Golden State Warriors,Memphis Grizzlies,22:00,ESPN
Friday 15 November 2024,Indiana Pacers,Miami Heat,19:00,NBA League Pass
Friday 15 November 2024,Orlando Magic,Philadelphia 76ers,19:00,NBA League Pass
Friday 15 November 2024,Toronto Raptors,Detroit Pistons,19:00,NBA League Pass
Friday 15 November 2024,Atlanta Hawks,Washington Wizards,19:30,NBA League Pass
Friday 15 November 2024,Cleveland Cavaliers,Chicago Bulls,19:30,NBA League Pass
Friday 15 November 2024,New York Knicks,Brooklyn Nets,19:30,NBA League Pass
Friday 15 November 2024,Houston Rockets,LA Clippers,20:00,NBA League Pass
Friday 15 November 2024,New Orleans Pelicans,Denver Nuggets,20:00,NBA League Pass
Friday 15 November 2024,Oklahoma City Thunder,Phoenix Suns,20:00,NBA League Pass
Friday 15 November 2024,Sacramento Kings,Minnesota Timberwolves,22:00,NBA League Pass
Saturday 16 November 2024,Dallas Mavericks,San Antonio Spurs,20:30,NBATV
Saturday 16 November 2024,Charlotte Hornets,Milwaukee Bucks,15:00,NBA League Pass
Saturday 16 November 2024,Boston Celtics,Toronto Raptors,20:00,NBA League Pass
Saturday 16 November 2024,New Orleans Pelicans,Los Angeles Lakers,20:00,NBA League Pass
Saturday 16 November 2024,Sacramento Kings,Utah Jazz,22:00,NBA League Pass
Sunday 17 November 2024,Minnesota Timberwolves,Phoenix Suns,15:30,NBA League Pass
Sunday 17 November 2024,Indiana Pacers,Miami Heat,17:00,NBA League Pass
Sunday 17 November 2024,Cleveland Cavaliers,Charlotte Hornets,18:00,NBA League Pass
Sunday 17 November 2024,Washington Wizards,Detroit Pistons,18:00,NBA League Pass
Sunday 17 November 2024,Memphis Grizzlies,Denver Nuggets,18:00,NBA League Pass
Sunday 17 November 2024,Portland Trail Blazers,Atlanta Hawks,18:00,NBA League Pass
Sunday 17 November 2024,New York Knicks,Brooklyn Nets,19:00,NBA League Pass
Sunday 17 November 2024,Chicago Bulls,Houston Rockets,19:00,NBA League Pass
Sunday 17 November 2024,Oklahoma City Thunder,Dallas Mavericks,19:00,NBA League Pass
Sunday 17 November 2024,LA Clippers,Utah Jazz,21:00,NBA League Pass
Monday 18 November 2024,Milwaukee Bucks,Houston Rockets,20:00,NBATV
Monday 18 November 2024,LA Clippers,Golden State Warriors,22:30,NBATV
Monday 18 November 2024,Detroit Pistons,Chicago Bulls,19:00,NBA League Pass
Monday 18 November 2024,Miami Heat,Philadelphia 76ers,19:30,NBA League Pass
Monday 18 November 2024,New York Knicks,Washington Wizards,19:30,NBA League Pass
Monday 18 November 2024,Toronto Raptors,Indiana Pacers,19:30,NBA League Pass
Monday 18 November 2024,Phoenix Suns,Orlando Magic,21:00,NBA League Pass
Monday 18 November 2024,Sacramento Kings,Atlanta Hawks,22:00,NBA League Pass
Tuesday 19 November 2024,Boston Celtics,Cleveland Cavaliers,19:00,TNT
Tuesday 19 November 2024,San Antonio Spurs,Oklahoma City Thunder,21:30,TNT
Tuesday 19 November 2024,Brooklyn Nets,Charlotte Hornets,19:30,NBA League Pass
Tuesday 19 November 2024,Memphis Grizzlies,Denver Nuggets,20:00,NBA League Pass
Tuesday 19 November 2024,Dallas Mavericks,New Orleans Pelicans,20:30,NBA League Pass
Tuesday 19 November 2024,Los Angeles Lakers,Utah Jazz,22:30,NBA League Pass
Wednesday 20 November 2024,Milwaukee Bucks,Chicago Bulls,19:30,ESPN
Wednesday 20 November 2024,Phoenix Suns,New York Knicks,22:00,ESPN
Wednesday 20 November 2024,Cleveland Cavaliers,New Orleans Pelicans,19:30,NBA League Pass
Wednesday 20 November 2024,Houston Rockets,Indiana Pacers,20:00,NBA League Pass
Wednesday 20 November 2024,Memphis Grizzlies,Philadelphia 76ers,20:00,NBA League Pass
Wednesday 20 November 2024,Oklahoma City Thunder,Portland Trail Blazers,20:00,NBA League Pass
Wednesday 20 November 2024,Golden State Warriors,Atlanta Hawks,22:00,NBA League Pass
Wednesday 20 November 2024,LA Clippers,Orlando Magic,22:30,NBA League Pass
Thursday 21 November 2024,Charlotte Hornets,Detroit Pistons,19:00,NBATV
Thursday 21 November 2024,Toronto Raptors,Minnesota Timberwolves,19:30,NBA League Pass
Thursday 21 November 2024,San Antonio Spurs,Utah Jazz,20:00,NBA League Pass
Thursday 21 November 2024,Los Angeles Lakers,Orlando Magic,22:30,NBA League Pass
Friday 22 November 2024,Milwaukee Bucks,Indiana Pacers,19:30,ESPN
Friday 22 November 2024,Denver Nuggets,Dallas Mavericks,22:00,ESPN
Friday 22 November 2024,Philadelphia 76ers,Brooklyn Nets,19:00,NBA League Pass
Friday 22 November 2024,Washington Wizards,Boston Celtics,19:00,NBA League Pass
Friday 22 November 2024,Chicago Bulls,Atlanta Hawks,20:00,NBA League Pass
Friday 22 November 2024,Houston Rockets,Portland Trail Blazers,20:00,NBA League Pass
Friday 22 November 2024,New Orleans Pelicans,Golden State Warriors,20:00,NBA League Pass
Friday 22 November 2024,LA Clippers,Sacramento Kings,22:30,NBA League Pass
Saturday 23 November 2024,Utah Jazz,New York Knicks,17:00,NBATV
Saturday 23 November 2024,Chicago Bulls,Memphis Grizzlies,20:00,NBATV
Saturday 23 November 2024,Los Angeles Lakers,Denver Nuggets,22:30,NBATV
Saturday 23 November 2024,Orlando Magic,Detroit Pistons,19:00,NBA League Pass
Saturday 23 November 2024,Houston Rockets,Portland Trail Blazers,20:00,NBA League Pass
Saturday 23 November 2024,Milwaukee Bucks,Charlotte Hornets,20:00,NBA League Pass
Saturday 23 November 2024,San Antonio Spurs,Golden State Warriors,20:30,NBA League Pass
Sunday 24 November 2024,Boston Celtics,Minnesota Timberwolves,15:30,NBA League Pass
Sunday 24 November 2024,Indiana Pacers,Washington Wizards,17:00,NBA League Pass
Sunday 24 November 2024,Miami Heat,Dallas Mavericks,18:00,NBA League Pass
Sunday 24 November 2024,Philadelphia 76ers,LA Clippers,18:00,NBA League Pass
Sunday 24 November 2024,Cleveland Cavaliers,Toronto Raptors,19:30,NBA League Pass
Sunday 24 November 2024,Sacramento Kings,Brooklyn Nets,21:00,NBA League Pass
Monday 25 November 2024,Atlanta Hawks,Dallas Mavericks,19:30,NBATV
Monday 25 November 2024,Sacramento Kings,Oklahoma City Thunder,22:00,NBATV
Monday 25 November 2024,Charlotte Hornets,Orlando Magic,19:00,NBA League Pass
Monday 25 November 2024,Detroit Pistons,Toronto Raptors,19:00,NBA League Pass
Monday 25 November 2024,Indiana Pacers,New Orleans Pelicans,19:00,NBA League Pass
Monday 25 November 2024,Boston Celtics,LA Clippers,19:30,NBA League Pass
Monday 25 November 2024,Memphis Grizzlies,Portland Trail Blazers,20:00,NBA League Pass
Monday 25 November 2024,Denver Nuggets,New York Knicks,21:00,NBA League Pass
Monday 25 November 2024,Golden State Warriors,Brooklyn Nets,22:00,NBA League Pass
Tuesday 26 November 2024,Miami Heat,Milwaukee Bucks,19:30,TNT
Tuesday 26 November 2024,Phoenix Suns,Los Angeles Lakers,22:00,TNT
Tuesday 26 November 2024,Washington Wizards,Chicago Bulls,19:00,NBA League Pass
Tuesday 26 November 2024,Minnesota Timberwolves,Houston Rockets,20:00,NBA League Pass
Tuesday 26 November 2024,Utah Jazz,San Antonio Spurs,21:00,NBA League Pass
Wednesday 27 November 2024,Dallas Mavericks,New York Knicks,19:30,ESPN
Wednesday 27 November 2024,Golden State Warriors,Oklahoma City Thunder,22:00,ESPN
Wednesday 27 November 2024,Charlotte Hornets,Miami Heat,19:00,NBA League Pass
Wednesday 27 November 2024,Cleveland Cavaliers,Atlanta Hawks,19:00,NBA League Pass
Wednesday 27 November 2024,Indiana Pacers,Portland Trail Blazers,19:00,NBA League Pass
Wednesday 27 November 2024,Orlando Magic,Chicago Bulls,19:00,NBA League Pass
Wednesday 27 November 2024,Philadelphia 76ers,Houston Rockets,19:00,NBA League Pass
Wednesday 27 November 2024,Washington Wizards,LA Clippers,19:00,NBA League Pass
Wednesday 27 November 2024,Memphis Grizzlies,Detroit Pistons,20:00,NBA League Pass
Wednesday 27 November 2024,Minnesota Timberwolves,Sacramento Kings,20:00,NBA League Pass
Wednesday 27 November 2024,New Orleans Pelicans,Toronto Raptors,20:00,NBA League Pass
Wednesday 27 November 2024,San Antonio Spurs,Los Angeles Lakers,20:30,NBA League Pass
Wednesday 27 November 2024,Phoenix Suns,Brooklyn Nets,21:00,NBA League Pass
Wednesday 27 November 2024,Utah Jazz,Denver Nuggets,21:00,NBA League Pass
Friday 29 November 2024,Minnesota Timberwolves,LA Clippers,19:30,ESPN
Friday 29 November 2024,Los Angeles Lakers,Oklahoma City Thunder,22:00,ESPN
Friday 29 November 2024,Charlotte Hornets,New York Knicks,12:00,NBATV
Friday 29 November 2024,Atlanta Hawks,Cleveland Cavaliers,14:30,NBATV
Friday 29 November 2024,Memphis Grizzlies,New Orleans Pelicans,17:00,NBATV
Friday 29 November 2024,Brooklyn Nets,Orlando Magic,19:30,NBA League Pass
Friday 29 November 2024,Indiana Pacers,Detroit Pistons,20:00,NBA League Pass
Friday 29 November 2024,Miami Heat,Toronto Raptors,20:00,NBA League Pass
Friday 29 November 2024,Chicago Bulls,Boston Celtics,20:00,NBA League Pass
Friday 29 November 2024,Portland Trail Blazers,Sacramento Kings,22:00,NBA League Pass
Saturday 30 November 2024,Phoenix Suns,Golden State Warriors,21:00,NBATV
Saturday 30 November 2024,Charlotte Hornets,Atlanta Hawks,18:00,NBA League Pass
Saturday 30 November 2024,Detroit Pistons,Philadelphia 76ers,19:00,NBA League Pass
Saturday 30 November 2024,Milwaukee Bucks,Washington Wizards,20:00,NBA League Pass
Saturday 30 November 2024,Utah Jazz,Dallas Mavericks,21:30,NBA League Pass
Sunday 1 December 2024,Brooklyn Nets,Orlando Magic,15:30,NBA League Pass
Sunday 1 December 2024,Memphis Grizzlies,Indiana Pacers,15:30,NBA League Pass
Sunday 1 December 2024,Cleveland Cavaliers,Boston Celtics,18:00,NBA League Pass
Sunday 1 December 2024,New York Knicks,New Orleans Pelicans,18:00,NBA League Pass
Sunday 1 December 2024,Toronto Raptors,Miami Heat,18:00,NBA League Pass
Sunday 1 December 2024,Houston Rockets,Oklahoma City Thunder,19:00,NBA League Pass
Sunday 1 December 2024,Utah Jazz,Los Angeles Lakers,20:00,NBA League Pass
Sunday 1 December 2024,Portland Trail Blazers,Dallas Mavericks,21:00,NBA League Pass
Sunday 1 December 2024,Sacramento Kings,San Antonio Spurs,21:00,NBA League Pass
Sunday 1 December 2024,LA Clippers,Denver Nuggets,22:00,NBA League Pass
Monday 2 December 2024,Atlanta Hawks,New Orleans Pelicans,19:30,NBA League Pass
Monday 2 December 2024,Boston Celtics,Miami Heat,19:30,NBA League Pass
Monday 2 December 2024,Chicago Bulls,Brooklyn Nets,20:00,NBA League Pass
Monday 2 December 2024,Minnesota Timberwolves,Los Angeles Lakers,20:00,NBATV
Tuesday 3 December 2024,Charlotte Hornets,Philadelphia 76ers,19:00,NBA League Pass
Tuesday 3 December 2024,Cleveland Cavaliers,Washington Wizards,19:00,NBA League Pass
Tuesday 3 December 2024,Detroit Pistons,Milwaukee Bucks,19:00,NBA League Pass
Tuesday 3 December 2024,New York Knicks,Orlando Magic,19:30,TNT
Tuesday 3 December 2024,Toronto Raptors,Indiana Pacers,19:30,NBA League Pass
Tuesday 3 December 2024,Oklahoma City Thunder,Utah Jazz,20:00,NBA League Pass
Tuesday 3 December 2024,Dallas Mavericks,Memphis Grizzlies,20:30,NBA League Pass
Tuesday 3 December 2024,Phoenix Suns,San Antonio Spurs,21:00,NBA League Pass
Tuesday 3 December 2024,Sacramento Kings,Houston Rockets,22:00,NBA League Pass
Tuesday 3 December 2024,Denver Nuggets,Golden State Warriors,22:00,TNT
Tuesday 3 December 2024,LA Clippers,Portland Trail Blazers,22:30,NBA League Pass
Wednesday 4 December 2024,Boston Celtics,Detroit Pistons,19:30,NBA League Pass
Wednesday 4 December 2024,Brooklyn Nets,Indiana Pacers,19:30,NBA League Pass
Wednesday 4 December 2024,Miami Heat,Los Angeles Lakers,19:30,NBATV
Wednesday 4 December 2024,Philadelphia 76ers,Orlando Magic,19:30,NBA League Pass
Wednesday 4 December 2024,Milwaukee Bucks,Atlanta Hawks,20:00,NBA League Pass
Wednesday 4 December 2024,LA Clippers,Minnesota Timberwolves,22:30,NBATV
Thursday 5 December 2024,Cleveland Cavaliers,Denver Nuggets,19:00,NBATV
Thursday 5 December 2024,Washington Wizards,Dallas Mavericks,19:00,NBA League Pass
Thursday 5 December 2024,New York Knicks,Charlotte Hornets,19:30,NBA League Pass
Thursday 5 December 2024,Toronto Raptors,Oklahoma City Thunder,19:30,NBA League Pass
Thursday 5 December 2024,Memphis Grizzlies,Sacramento Kings,20:00,NBA League Pass
Thursday 5 December 2024,New Orleans Pelicans,Phoenix Suns,20:00,NBA League Pass
Thursday 5 December 2024,San Antonio Spurs,Chicago Bulls,20:00,NBA League Pass
Thursday 5 December 2024,Golden State Warriors,Houston Rockets,22:00,NBATV
Friday 6 December 2024,Philadelphia 76ers,Orlando Magic,19:00,NBA League Pass
Friday 6 December 2024,Boston Celtics,Milwaukee Bucks,19:30,ESPN
Friday 6 December 2024,Atlanta Hawks,Los Angeles Lakers,19:30,NBA League Pass
Friday 6 December 2024,Chicago Bulls,Indiana Pacers,20:00,NBA League Pass
Friday 6 December 2024,San Antonio Spurs,Sacramento Kings,20:00,NBA League Pass
Friday 6 December 2024,Golden State Warriors,Minnesota Timberwolves,22:00,ESPN
Friday 6 December 2024,Portland Trail Blazers,Utah Jazz,22:00,NBA League Pass
Saturday 7 December 2024,Charlotte Hornets,Cleveland Cavaliers,13:00,NBA League Pass
Saturday 7 December 2024,Washington Wizards,Denver Nuggets,19:00,NBA League Pass
Saturday 7 December 2024,New Orleans Pelicans,Oklahoma City Thunder,19:00,NBA League Pass
Saturday 7 December 2024,New York Knicks,Detroit Pistons,19:30,NBA League Pass
Saturday 7 December 2024,Toronto Raptors,Dallas Mavericks,19:30,NBA League Pass
Saturday 7 December 2024,Boston Celtics,Memphis Grizzlies,20:00,NBA League Pass
Saturday 7 December 2024,Miami Heat,Phoenix Suns,20:00,NBA League Pass
Sunday 8 December 2024,Chicago Bulls,Philadelphia 76ers,13:00,NBA League Pass
Sunday 8 December 2024,Brooklyn Nets,Milwaukee Bucks,15:30,NBA League Pass
Sunday 8 December 2024,Indiana Pacers,Charlotte Hornets,17:00,NBA League Pass
Sunday 8 December 2024,Atlanta Hawks,Denver Nuggets,18:00,NBA League Pass
Sunday 8 December 2024,Miami Heat,Cleveland Cavaliers,18:00,NBA League Pass
Sunday 8 December 2024,Orlando Magic,Phoenix Suns,18:30,NBA League Pass
Sunday 8 December 2024,Washington Wizards,Memphis Grizzlies,19:00,NBA League Pass
Sunday 8 December 2024,San Antonio Spurs,New Orleans Pelicans,19:00,NBA League Pass
Sunday 8 December 2024,Golden State Warriors,Minnesota Timberwolves,20:30,NBA League Pass
Sunday 8 December 2024,LA Clippers,Houston Rockets,21:00,NBA League Pass
Sunday 8 December 2024,Sacramento Kings,Utah Jazz,21:00,NBA League Pass
Sunday 8 December 2024,Los Angeles Lakers,Portland Trail Blazers,21:30,NBA League Pass
Monday 9 December 2024,Toronto Raptors,New York Knicks,19:30,NBATV
Thursday 19 December 2024,Detroit Pistons,Utah Jazz,19:00,NBA League Pass
Thursday 19 December 2024,Orlando Magic,Oklahoma City Thunder,19:00,TNT
Thursday 19 December 2024,Washington Wizards,Charlotte Hornets,19:00,NBA League Pass
Thursday 19 December 2024,Boston Celtics,Chicago Bulls,19:30,NBA League Pass
Thursday 19 December 2024,Toronto Raptors,Brooklyn Nets,19:30,NBA League Pass
Thursday 19 December 2024,Houston Rockets,New Orleans Pelicans,20:00,NBA League Pass
Thursday 19 December 2024,Memphis Grizzlies,Golden State Warriors,20:00,NBA League Pass
Thursday 19 December 2024,Minnesota Timberwolves,New York Knicks,20:00,NBA League Pass
Thursday 19 December 2024,Dallas Mavericks,LA Clippers,20:30,NBA League Pass
Thursday 19 December 2024,San Antonio Spurs,Atlanta Hawks,21:30,TNT
Thursday 19 December 2024,Phoenix Suns,Indiana Pacers,21:00,NBA League Pass
Thursday 19 December 2024,Portland Trail Blazers,Denver Nuggets,22:00,NBA League Pass
Thursday 19 December 2024,Sacramento Kings,Los Angeles Lakers,22:00,NBA League Pass
Friday 20 December 2024,Cleveland Cavaliers,Milwaukee Bucks,19:30,NBATV
Friday 20 December 2024,Philadelphia 76ers,Charlotte Hornets,19:00,NBA League Pass
Friday 20 December 2024,Miami Heat,Oklahoma City Thunder,20:00,NBA League Pass
Saturday 21 December 2024,Sacramento Kings,Los Angeles Lakers,18:00,NBA League Pass
Saturday 21 December 2024,Orlando Magic,Miami Heat,19:00,NBA League Pass
Saturday 21 December 2024,Atlanta Hawks,Memphis Grizzlies,19:30,NBA League Pass
Saturday 21 December 2024,Brooklyn Nets,Utah Jazz,19:30,NBA League Pass
Saturday 21 December 2024,Cleveland Cavaliers,Philadelphia 76ers,20:00,NBA League Pass
Saturday 21 December 2024,Chicago Bulls,Boston Celtics,20:00,NBA League Pass
Saturday 21 December 2024,Milwaukee Bucks,Washington Wizards,20:00,NBA League Pass
Saturday 21 December 2024,Minnesota Timberwolves,Golden State Warriors,20:00,NBA League Pass
Saturday 21 December 2024,New Orleans Pelicans,New York Knicks,20:00,NBATV
Saturday 21 December 2024,Dallas Mavericks,LA Clippers,20:30,NBA League Pass
Saturday 21 December 2024,San Antonio Spurs,Portland Trail Blazers,20:30,NBA League Pass
Saturday 21 December 2024,Phoenix Suns,Detroit Pistons,21:00,NBA League Pass
Sunday 22 December 2024,Toronto Raptors,Houston Rockets,18:00,NBA League Pass
Sunday 22 December 2024,Sacramento Kings,Indiana Pacers,18:00,NBA League Pass
Sunday 22 December 2024,New Orleans Pelicans,Denver Nuggets,19:00,NBA League Pass
Monday 23 December 2024,Charlotte Hornets,Houston Rockets,19:00,NBA League Pass
Monday 23 December 2024,Cleveland Cavaliers,Utah Jazz,19:00,NBA League Pass
Monday 23 December 2024,Orlando Magic,Boston Celtics,19:00,NBA League Pass
Monday 23 December 2024,Philadelphia 76ers,San Antonio Spurs,19:00,NBATV
Monday 23 December 2024,Atlanta Hawks,Minnesota Timberwolves,19:30,NBA League Pass
Monday 23 December 2024,Miami Heat,Brooklyn Nets,19:30,NBA League Pass
Monday 23 December 2024,New York Knicks,Toronto Raptors,19:30,NBA League Pass
Monday 23 December 2024,Chicago Bulls,Milwaukee Bucks,20:00,NBA League Pass
Monday 23 December 2024,Memphis Grizzlies,LA Clippers,20:00,NBA League Pass
Monday 23 December 2024,Oklahoma City Thunder,Washington Wizards,20:00,NBA League Pass
Monday 23 December 2024,Dallas Mavericks,Portland Trail Blazers,20:30,NBA League Pass
Monday 23 December 2024,Golden State Warriors,Indiana Pacers,22:00,NBATV
Monday 23 December 2024,Denver Nuggets,Phoenix Suns,22:00,NBA League Pass
Monday 23 December 2024,Los Angeles Lakers,Detroit Pistons,22:30,NBA League Pass
Wednesday 25 December 2024,New York Knicks,San Antonio Spurs,12:00,ESPN
Wednesday 25 December 2024,Dallas Mavericks,Minnesota Timberwolves,14:30,ABC/ESPN
Wednesday 25 December 2024,Boston Celtics,Philadelphia 76ers,17:00,ABC/ESPN
Wednesday 25 December 2024,Golden State Warriors,Los Angeles Lakers,20:00,ABC/ESPN
Wednesday 25 December 2024,Phoenix Suns,Denver Nuggets,22:30,ESPN
Thursday 26 December 2024,Indiana Pacers,Oklahoma City Thunder,19:00,NBATV
Thursday 26 December 2024,Orlando Magic,Miami Heat,19:00,NBA League Pass
Thursday 26 December 2024,Washington Wizards,Charlotte Hornets,19:00,NBA League Pass
Thursday 26 December 2024,Atlanta Hawks,Chicago Bulls,19:30,NBA League Pass
Thursday 26 December 2024,Memphis Grizzlies,Toronto Raptors,20:00,NBA League Pass
Thursday 26 December 2024,Milwaukee Bucks,Brooklyn Nets,20:00,NBA League Pass
Thursday 26 December 2024,New Orleans Pelicans,Houston Rockets,20:00,NBA League Pass
Thursday 26 December 2024,Portland Trail Blazers,Utah Jazz,22:00,NBATV
Thursday 26 December 2024,Sacramento Kings,Detroit Pistons,22:00,NBA League Pass
Friday 27 December 2024,Boston Celtics,Indiana Pacers,19:30,NBATV
Friday 27 December 2024,Orlando Magic,New York Knicks,19:00,NBA League Pass
Friday 27 December 2024,Brooklyn Nets,San Antonio Spurs,19:30,NBA League Pass
Friday 27 December 2024,Houston Rockets,Minnesota Timberwolves,20:00,NBA League Pass
Friday 27 December 2024,New Orleans Pelicans,Memphis Grizzlies,20:00,NBA League Pass
Friday 27 December 2024,Denver Nuggets,Cleveland Cavaliers,21:00,NBA League Pass
Friday 27 December 2024,Phoenix Suns,Dallas Mavericks,21:00,NBA League Pass
Friday 27 December 2024,LA Clippers,Golden State Warriors,22:00,NBATV
Saturday 28 December 2024,Atlanta Hawks,Miami Heat,15:00,NBATV
Saturday 28 December 2024,Charlotte Hornets,Oklahoma City Thunder,18:00,NBATV
Saturday 28 December 2024,Washington Wizards,New York Knicks,19:00,NBA League Pass
Saturday 28 December 2024,Chicago Bulls,Milwaukee Bucks,20:00,NBA League Pass
Saturday 28 December 2024,Golden State Warriors,Phoenix Suns,20:30,NBATV
Saturday 28 December 2024,Denver Nuggets,Detroit Pistons,21:00,NBA League Pass
Saturday 28 December 2024,Utah Jazz,Philadelphia 76ers,21:30,NBA League Pass
Saturday 28 December 2024,Portland Trail Blazers,Dallas Mavericks,22:00,NBA League Pass
Saturday 28 December 2024,Los Angeles Lakers,Sacramento Kings,22:30,NBA League Pass
Sunday 29 December 2024,Orlando Magic,Brooklyn Nets,15:30,NBA League Pass
Sunday 29 December 2024,Boston Celtics,Indiana Pacers,18:00,NBA League Pass
Sunday 29 December 2024,Toronto Raptors,Atlanta Hawks,18:00,NBA League Pass
Sunday 29 December 2024,Houston Rockets,Miami Heat,19:00,NBA League Pass
Sunday 29 December 2024,Oklahoma City Thunder,Memphis Grizzlies,19:00,NBA League Pass
Sunday 29 December 2024,Minnesota Timberwolves,San Antonio Spurs,20:00,NBA League Pass
Monday 30 December 2024,Washington Wizards,New York Knicks,19:00,NBATV
Monday 30 December 2024,Charlotte Hornets,Chicago Bulls,19:00,NBA League Pass
Monday 30 December 2024,New Orleans Pelicans,LA Clippers,20:00,NBA League Pass
Monday 30 December 2024,Sacramento Kings,Dallas Mavericks,22:00,NBATV
Monday 30 December 2024,New Orleans Pelicans,LA Clippers,20:00,NBA League Pass
Monday 30 December 2024,Utah Jazz,Denver Nuggets,21:00,NBA League Pass
Monday 30 December 2024,Golden State Warriors,Cleveland Cavaliers,22:00,NBA League Pass
Monday 30 December 2024,Portland Trail Blazers,Philadelphia 76ers,22:00,NBA League Pass
Tuesday 31 December 2024,Boston Celtics,Toronto Raptors,15:00,NBA League Pass
Tuesday 31 December 2024,Indiana Pacers,Milwaukee Bucks,15:00,NBA League Pass
Tuesday 31 December 2024,San Antonio Spurs,LA Clippers,19:00,NBA League Pass
Tuesday 31 December 2024,Phoenix Suns,Memphis Grizzlies,21:00,NBA League Pass
Tuesday 31 December 2024,Los Angeles Lakers,Cleveland Cavaliers,21:00,NBA League Pass
Monday 30 December 2024,Washington Wizards,New York Knicks,19:00,NBATV
Monday 30 December 2024,Sacramento Kings,Dallas Mavericks,22:00,NBATV
Tuesday 31 December 2024,Oklahoma City Thunder,Minnesota Timberwolves,20:00,NBATV
Wednesday 1 January 2025,Detroit Pistons,Orlando Magic,19:00,NBA League Pass
Wednesday 1 January 2025,Washington Wizards,Chicago Bulls,19:00,NBA League Pass
Wednesday 1 January 2025,Miami Heat,New Orleans Pelicans,19:30,NBA League Pass
Wednesday 1 January 2025,New York Knicks,Utah Jazz,19:30,NBA League Pass
Wednesday 1 January 2025,Toronto Raptors,Brooklyn Nets,19:30,NBA League Pass
Wednesday 1 January 2025,Houston Rockets,Dallas Mavericks,20:00,NBA League Pass
Wednesday 1 January 2025,Denver Nuggets,Atlanta Hawks,21:00,NBA League Pass
Wednesday 1 January 2025,Sacramento Kings,Philadelphia 76ers,22:00,NBA League Pass
Thursday 2 January 2025,Minnesota Timberwolves,Boston Celtics,19:30,TNT
Thursday 2 January 2025,Golden State Warriors,Philadelphia 76ers,22:00,TNT
Thursday 2 January 2025,Miami Heat,Indiana Pacers,19:30,NBA League Pass
Thursday 2 January 2025,Milwaukee Bucks,Brooklyn Nets,20:00,NBA League Pass
Thursday 2 January 2025,Oklahoma City Thunder,LA Clippers,20:00,NBA League Pass
Thursday 2 January 2025,Los Angeles Lakers,Portland Trail Blazers,22:30,NBA League Pass
Friday 3 January 2025,Oklahoma City Thunder,New York Knicks,20:00,NBATV
Friday 3 January 2025,Los Angeles Lakers,Atlanta Hawks,22:30,NBATV
Friday 3 January 2025,Detroit Pistons,Charlotte Hornets,19:00,NBA League Pass
Friday 3 January 2025,Toronto Raptors,Orlando Magic,19:30,NBA League Pass
Friday 3 January 2025,Houston Rockets,Boston Celtics,20:00,NBA League Pass
Friday 3 January 2025,New Orleans Pelicans,Washington Wizards,20:00,NBA League Pass
Friday 3 January 2025,Dallas Mavericks,Cleveland Cavaliers,20:30,NBA League Pass
Friday 3 January 2025,Denver Nuggets,San Antonio Spurs,21:00,NBA League Pass
Friday 3 January 2025,Sacramento Kings,Memphis Grizzlies,22:00,NBA League Pass
Saturday 4 January 2025,San Antonio Spurs,Denver Nuggets,20:00,NBATV
Saturday 4 January 2025,LA Clippers,Atlanta Hawks,22:30,NBATV
Sunday 5 January 2025,Oklahoma City Thunder,Boston Celtics,15:30,NBA League Pass
Sunday 5 January 2025,Cleveland Cavaliers,Charlotte Hornets,18:00,NBA League Pass
Sunday 5 January 2025,Washington Wizards,New Orleans Pelicans,18:00,NBA League Pass
Sunday 5 January 2025,Orlando Magic,Utah Jazz,18:30,NBA League Pass
Sunday 5 January 2025,Houston Rockets,Los Angeles Lakers,19:00,NBA League Pass
Sunday 5 January 2025,Golden State Warriors,Sacramento Kings,20:30,NBA League Pass
Monday 6 January 2025,Philadelphia 76ers,Phoenix Suns,19:00,NBATV
Monday 6 January 2025,Sacramento Kings,Miami Heat,22:00,NBATV
Monday 6 January 2025,Detroit Pistons,Portland Trail Blazers,19:00,NBA League Pass
Monday 6 January 2025,Brooklyn Nets,Indiana Pacers,19:30,NBA League Pass
Monday 6 January 2025,New York Knicks,Orlando Magic,19:30,NBA League Pass
Monday 6 January 2025,Toronto Raptors,Milwaukee Bucks,19:30,NBA League Pass
Monday 6 January 2025,Chicago Bulls,San Antonio Spurs,20:00,NBA League Pass
Monday 6 January 2025,Memphis Grizzlies,Dallas Mavericks,20:00,NBA League Pass
Monday 6 January 2025,Minnesota Timberwolves,LA Clippers,20:00,NBA League Pass
Tuesday 7 January 2025,Dallas Mavericks,Los Angeles Lakers,19:30,TNT
Tuesday 7 January 2025,Denver Nuggets,Boston Celtics,22:00,TNT
Tuesday 7 January 2025,Charlotte Hornets,Phoenix Suns,19:00,NBA League Pass
Tuesday 7 January 2025,Washington Wizards,Houston Rockets,19:00,NBA League Pass
Tuesday 7 January 2025,New Orleans Pelicans,Minnesota Timberwolves,20:00,NBA League Pass
Tuesday 7 January 2025,Utah Jazz,Atlanta Hawks,21:00,NBA League Pass
Tuesday 7 January 2025,Golden State Warriors,Miami Heat,22:00,NBA League Pass
Wednesday 8 January 2025,Toronto Raptors,New York Knicks,19:00,ESPN
Wednesday 8 January 2025,San Antonio Spurs,Milwaukee Bucks,21:30,ESPN
Wednesday 8 January 2025,Cleveland Cavaliers,Oklahoma City Thunder,19:00,NBA League Pass
Wednesday 8 January 2025,Indiana Pacers,Chicago Bulls,19:00,NBA League Pass
Wednesday 8 January 2025,Philadelphia 76ers,Washington Wizards,19:00,NBA League Pass
Wednesday 8 January 2025,Brooklyn Nets,Detroit Pistons,19:30,NBA League Pass
Wednesday 8 January 2025,New Orleans Pelicans,Portland Trail Blazers,20:00,NBA League Pass
Wednesday 8 January 2025,Denver Nuggets,LA Clippers,21:00,NBA League Pass
Thursday 9 January 2025,Orlando Magic,Minnesota Timberwolves,19:00,NBATV
Thursday 9 January 2025,Cleveland Cavaliers,Toronto Raptors,19:00,NBA League Pass
Thursday 9 January 2025,Detroit Pistons,Golden State Warriors,19:00,NBA League Pass
Thursday 9 January 2025,Memphis Grizzlies,Houston Rockets,20:00,NBA League Pass
Thursday 9 January 2025,Dallas Mavericks,Portland Trail Blazers,20:30,NBA League Pass
Thursday 9 January 2025,Phoenix Suns,Atlanta Hawks,21:00,NBA League Pass
Thursday 9 January 2025,Utah Jazz,Miami Heat,21:00,NBA League Pass
Thursday 9 January 2025,Los Angeles Lakers,Charlotte Hornets,22:30,NBA League Pass
Friday 10 January 2025,Philadelphia 76ers,New Orleans Pelicans,19:00,NBATV
Friday 10 January 2025,Indiana Pacers,Golden State Warriors,19:00,NBA League Pass
Friday 10 January 2025,Orlando Magic,Milwaukee Bucks,19:00,NBA League Pass
Friday 10 January 2025,Boston Celtics,Sacramento Kings,19:30,NBA League Pass
Friday 10 January 2025,New York Knicks,Oklahoma City Thunder,19:30,NBA League Pass
Friday 10 January 2025,Chicago Bulls,Washington Wizards,20:00,NBA League Pass
Friday 10 January 2025,Denver Nuggets,Brooklyn Nets,21:00,NBA League Pass
Saturday 11 January 2025,Atlanta Hawks,Houston Rockets,15:00,NBA League Pass
Saturday 11 January 2025,Phoenix Suns,Utah Jazz,17:00,NBA League Pass
Saturday 11 January 2025,Detroit Pistons,Toronto Raptors,19:00,NBA League Pass
Saturday 11 January 2025,Minnesota Timberwolves,Memphis Grizzlies,20:00,NBA League Pass
Saturday 11 January 2025,Portland Trail Blazers,Miami Heat,22:00,NBA League Pass
Saturday 11 January 2025,Los Angeles Lakers,San Antonio Spurs,22:30,NBA League Pass
Saturday 11 January 2025,LA Clippers,Charlotte Hornets,22:30,NBA League Pass
Sunday 12 January 2025,New York Knicks,Milwaukee Bucks,15:00,NBA League Pass
Sunday 12 January 2025,Dallas Mavericks,Denver Nuggets,15:00,NBA League Pass
Sunday 12 January 2025,Chicago Bulls,Sacramento Kings,15:30,NBA League Pass
Sunday 12 January 2025,Boston Celtics,New Orleans Pelicans,18:00,NBA League Pass
Sunday 12 January 2025,Cleveland Cavaliers,Indiana Pacers,18:00,NBA League Pass
Sunday 12 January 2025,Orlando Magic,Philadelphia 76ers,18:00,NBA League Pass
Sunday 12 January 2025,Washington Wizards,Oklahoma City Thunder,18:00,NBA League Pass
Sunday 12 January 2025,Utah Jazz,Brooklyn Nets,20:00,NBA League Pass
Sunday 12 January 2025,Phoenix Suns,Charlotte Hornets,21:00,NBA League Pass
Monday 13 January 2025,Houston Rockets,Memphis Grizzlies,20:00,NBATV
Monday 13 January 2025,Los Angeles Lakers,San Antonio Spurs,22:30,NBATV
Monday 13 January 2025,Washington Wizards,Minnesota Timberwolves,19:00,NBA League Pass
Monday 13 January 2025,New York Knicks,Detroit Pistons,19:30,NBA League Pass
Monday 13 January 2025,Toronto Raptors,Golden State Warriors,19:30,NBA League Pass
Monday 13 January 2025,LA Clippers,Miami Heat,22:30,NBA League Pass
Tuesday 14 January 2025,Indiana Pacers,Cleveland Cavaliers,19:00,TNT
Tuesday 14 January 2025,Dallas Mavericks,Denver Nuggets,21:30,TNT
Tuesday 14 January 2025,Philadelphia 76ers,Oklahoma City Thunder,19:00,NBA League Pass
Tuesday 14 January 2025,Atlanta Hawks,Phoenix Suns,19:30,NBA League Pass
Tuesday 14 January 2025,Chicago Bulls,New Orleans Pelicans,20:00,NBA League Pass
Tuesday 14 January 2025,Milwaukee Bucks,Sacramento Kings,20:00,NBA League Pass
Tuesday 14 January 2025,Portland Trail Blazers,Brooklyn Nets,22:00,NBA League Pass
Wednesday 15 January 2025,New York Knicks,Philadelphia 76ers,19:30,ESPN
Wednesday 15 January 2025,Miami Heat,Los Angeles Lakers,22:00,ESPN
Wednesday 15 January 2025,Toronto Raptors,Boston Celtics,19:30,NBA League Pass
Wednesday 15 January 2025,Chicago Bulls,Atlanta Hawks,20:00,NBA League Pass
Wednesday 15 January 2025,Milwaukee Bucks,Orlando Magic,20:00,NBA League Pass
Wednesday 15 January 2025,Minnesota Timberwolves,Golden State Warriors,20:00,NBA League Pass
Wednesday 15 January 2025,New Orleans Pelicans,Dallas Mavericks,20:00,NBA League Pass
Wednesday 15 January 2025,San Antonio Spurs,Memphis Grizzlies,20:00,NBA League Pass
Wednesday 15 January 2025,Denver Nuggets,Houston Rockets,21:00,NBA League Pass
Wednesday 15 January 2025,Utah Jazz,Charlotte Hornets,21:00,NBA League Pass
Wednesday 15 January 2025,LA Clippers,Brooklyn Nets,22:30,NBA League Pass
Thursday 16 January 2025,Washington Wizards,Phoenix Suns,19:30,TNT
Thursday 16 January 2025,Sacramento Kings,Houston Rockets,22:00,TNT
Thursday 16 January 2025,Detroit Pistons,Indiana Pacers,19:00,NBA League Pass
Thursday 16 January 2025,Oklahoma City Thunder,Cleveland Cavaliers,20:00,NBA League Pass
Thursday 16 January 2025,Portland Trail Blazers,LA Clippers,22:00,NBA League Pass
Friday 17 January 2025,Orlando Magic,Boston Celtics,19:00,ESPN
Friday 17 January 2025,Charlotte Hornets,Chicago Bulls,21:30,ESPN
Friday 17 January 2025,New York Knicks,Minnesota Timberwolves,19:30,NBA League Pass
Friday 17 January 2025,Miami Heat,Denver Nuggets,20:00,NBA League Pass
Friday 17 January 2025,Milwaukee Bucks,Toronto Raptors,20:00,NBA League Pass
Friday 17 January 2025,New Orleans Pelicans,Utah Jazz,20:00,NBA League Pass
Friday 17 January 2025,San Antonio Spurs,Memphis Grizzlies,20:00,NBA League Pass
Friday 17 January 2025,Dallas Mavericks,Oklahoma City Thunder,20:30,NBA League Pass
Friday 17 January 2025,Los Angeles Lakers,Brooklyn Nets,22:30,NBA League Pass
Saturday 18 January 2025,Detroit Pistons,Phoenix Suns,17:00,NBA League Pass
Saturday 18 January 2025,Boston Celtics,Atlanta Hawks,19:00,NBA League Pass
Saturday 18 January 2025,Indiana Pacers,Philadelphia 76ers,19:00,NBA League Pass
Saturday 18 January 2025,Golden State Warriors,Washington Wizards,20:30,NBA League Pass
Saturday 18 January 2025,Minnesota Timberwolves,Cleveland Cavaliers,21:00,NBA League Pass
Saturday 18 January 2025,Portland Trail Blazers,Houston Rockets,22:00,NBA League Pass
Sunday 19 January 2025,Miami Heat,San Antonio Spurs,15:00,NBA League Pass
Sunday 19 January 2025,Orlando Magic,Denver Nuggets,18:00,NBA League Pass
Sunday 19 January 2025,Milwaukee Bucks,Philadelphia 76ers,19:00,NBA League Pass
Sunday 19 January 2025,Oklahoma City Thunder,Brooklyn Nets,19:00,NBA League Pass
Sunday 19 January 2025,LA Clippers,Los Angeles Lakers,21:00,NBA League Pass
Sunday 19 January 2025,Portland Trail Blazers,Chicago Bulls,21:00,NBA League Pass
Sunday 19 January 2025,Sacramento Kings,Washington Wizards,21:00,NBA League Pass
Monday 20 January 2025,Charlotte Hornets,Dallas Mavericks,12:00,NBATV
Monday 20 January 2025,Memphis Grizzlies,Minnesota Timberwolves,14:30,TNT
Monday 20 January 2025,Golden State Warriors,Boston Celtics,17:00,TNT
Monday 20 January 2025,Houston Rockets,Detroit Pistons,14:00,NBA League Pass
Monday 20 January 2025,New York Knicks,Atlanta Hawks,15:00,NBA League Pass
Monday 20 January 2025,Cleveland Cavaliers,Phoenix Suns,15:30,NBA League Pass
Monday 20 January 2025,New Orleans Pelicans,Utah Jazz,20:00,NBA League Pass
Tuesday 21 January 2025,Brooklyn Nets,New York Knicks,19:30,TNT
Tuesday 21 January 2025,Denver Nuggets,Philadelphia 76ers,22:00,TNT
Tuesday 21 January 2025,Miami Heat,Portland Trail Blazers,19:30,NBA League Pass
Tuesday 21 January 2025,Toronto Raptors,Orlando Magic,19:30,NBA League Pass
Tuesday 21 January 2025,Los Angeles Lakers,Washington Wizards,22:30,NBA League Pass
Tuesday 21 January 2025,LA Clippers,Chicago Bulls,22:30,NBA League Pass
Wednesday 22 January 2025,Minnesota Timberwolves,Dallas Mavericks,19:30,ESPN
Wednesday 22 January 2025,Golden State Warriors,Sacramento Kings,22:00,ESPN
Wednesday 22 January 2025,Atlanta Hawks,Detroit Pistons,19:30,NBA League Pass
Wednesday 22 January 2025,Brooklyn Nets,Phoenix Suns,19:30,NBA League Pass
Wednesday 22 January 2025,Houston Rockets,Cleveland Cavaliers,20:00,NBA League Pass
Wednesday 22 January 2025,Memphis Grizzlies,Charlotte Hornets,20:00,NBA League Pass
Wednesday 22 January 2025,New Orleans Pelicans,Milwaukee Bucks,20:00,NBA League Pass
Wednesday 22 January 2025,Oklahoma City Thunder,Utah Jazz,20:00,NBA League Pass
Wednesday 22 January 2025,LA Clippers,Boston Celtics,22:30,NBA League Pass
Thursday 23 January 2025,Indiana Pacers,San Antonio Spurs,14:00,NBATV
Thursday 23 January 2025,Milwaukee Bucks,Miami Heat,19:30,TNT
Thursday 23 January 2025,Los Angeles Lakers,Boston Celtics,22:00,TNT
Thursday 23 January 2025,Orlando Magic,Portland Trail Blazers,19:00,NBA League Pass
Thursday 23 January 2025,Atlanta Hawks,Toronto Raptors,19:30,NBA League Pass
Thursday 23 January 2025,Oklahoma City Thunder,Dallas Mavericks,20:00,NBA League Pass
Thursday 23 January 2025,Denver Nuggets,Sacramento Kings,21:00,NBA League Pass
Thursday 23 January 2025,Utah Jazz,Washington Wizards,21:00,NBA League Pass
Thursday 23 January 2025,Golden State Warriors,Chicago Bulls,22:00,NBA League Pass
Friday 24 January 2025,Memphis Grizzlies,New Orleans Pelicans,20:00,NBATV
Friday 24 January 2025,Charlotte Hornets,Portland Trail Blazers,19:00,NBA League Pass
Friday 24 January 2025,Philadelphia 76ers,Cleveland Cavaliers,19:00,NBA League Pass
Saturday 25 January 2025,Minnesota Timberwolves,Denver Nuggets,15:00,ABC
Saturday 25 January 2025,Indiana Pacers,San Antonio Spurs,12:00,ESPN
Saturday 25 January 2025,Dallas Mavericks,Boston Celtics,17:30,ABC
Saturday 25 January 2025,Golden State Warriors,Los Angeles Lakers,20:30,ABC
Saturday 25 January 2025,Brooklyn Nets,Miami Heat,18:00,NBA League Pass
Saturday 25 January 2025,Charlotte Hornets,New Orleans Pelicans,19:00,NBA League Pass
Saturday 25 January 2025,Orlando Magic,Detroit Pistons,19:00,NBA League Pass
Saturday 25 January 2025,Atlanta Hawks,Toronto Raptors,19:30,NBA League Pass
Saturday 25 January 2025,Cleveland Cavaliers,Houston Rockets,19:30,NBA League Pass
Saturday 25 January 2025,New York Knicks,Sacramento Kings,19:30,NBA League Pass
Saturday 25 January 2025,Chicago Bulls,Philadelphia 76ers,20:00,NBA League Pass
Saturday 25 January 2025,Memphis Grizzlies,Utah Jazz,20:00,NBA League Pass
Saturday 25 January 2025,Phoenix Suns,Washington Wizards,21:00,NBA League Pass
Saturday 25 January 2025,LA Clippers,Milwaukee Bucks,22:30,NBA League Pass
Sunday 26 January 2025,Portland Trail Blazers,Oklahoma City Thunder,18:00,NBA League Pass
Monday 27 January 2025,Cleveland Cavaliers,Detroit Pistons,19:00,NBATV
Monday 27 January 2025,Phoenix Suns,LA Clippers,21:30,NBATV
Monday 27 January 2025,Charlotte Hornets,Los Angeles Lakers,19:00,NBA League Pass
Monday 27 January 2025,Boston Celtics,Houston Rockets,19:30,NBA League Pass
Monday 27 January 2025,Brooklyn Nets,Sacramento Kings,19:30,NBA League Pass
Monday 27 January 2025,Miami Heat,Orlando Magic,19:30,NBA League Pass
Monday 27 January 2025,New York Knicks,Memphis Grizzlies,19:30,NBA League Pass
Monday 27 January 2025,Toronto Raptors,New Orleans Pelicans,19:30,NBA League Pass
Monday 27 January 2025,Chicago Bulls,Denver Nuggets,20:00,NBA League Pass
Monday 27 January 2025,Minnesota Timberwolves,Atlanta Hawks,20:00,NBA League Pass
Monday 27 January 2025,Dallas Mavericks,Washington Wizards,20:30,NBA League Pass
Monday 27 January 2025,Utah Jazz,Milwaukee Bucks,21:00,NBA League Pass
Monday 27 January 2025,Charlotte Hornets,Los Angeles Lakers,19:00,NBA League Pass
Monday 27 January 2025,Boston Celtics,Houston Rockets,19:30,NBA League Pass
Monday 27 January 2025,Brooklyn Nets,Sacramento Kings,19:30,NBA League Pass
Monday 27 January 2025,Miami Heat,Orlando Magic,19:30,NBA League Pass
Monday 27 January 2025,New York Knicks,Memphis Grizzlies,19:30,NBA League Pass
Monday 27 January 2025,Toronto Raptors,New Orleans Pelicans,19:30,NBA League Pass
Monday 27 January 2025,Chicago Bulls,Denver Nuggets,20:00,NBA League Pass
Monday 27 January 2025,Minnesota Timberwolves,Atlanta Hawks,20:00,NBA League Pass
Monday 27 January 2025,Dallas Mavericks,Washington Wizards,20:30,NBA League Pass
Monday 27 January 2025,Utah Jazz,Milwaukee Bucks,21:00,NBA League Pass
Tuesday 28 January 2025,Philadelphia 76ers,Los Angeles Lakers,19:30,TNT
Tuesday 28 January 2025,Portland Trail Blazers,Milwaukee Bucks,22:00,TNT
Tuesday 28 January 2025,Golden State Warriors,Utah Jazz,22:00,NBA League Pass
Wednesday 29 January 2025,Charlotte Hornets,Brooklyn Nets,19:00,NBA League Pass
Wednesday 29 January 2025,Indiana Pacers,Detroit Pistons,19:00,NBA League Pass
Wednesday 29 January 2025,Washington Wizards,Toronto Raptors,19:00,NBA League Pass
Wednesday 29 January 2025,Denver Nuggets,New York Knicks,19:30,ESPN
Wednesday 29 January 2025,Boston Celtics,Chicago Bulls,19:30,NBA League Pass
Wednesday 29 January 2025,Miami Heat,Cleveland Cavaliers,19:30,NBA League Pass
Wednesday 29 January 2025,Philadelphia 76ers,Sacramento Kings,19:30,NBA League Pass
Wednesday 29 January 2025,New Orleans Pelicans,Dallas Mavericks,20:00,NBA League Pass
Wednesday 29 January 2025,San Antonio Spurs,LA Clippers,20:00,NBA League Pass
Wednesday 29 January 2025,Phoenix Suns,Minnesota Timberwolves,21:00,NBA League Pass
Wednesday 29 January 2025,Oklahoma City Thunder,Golden State Warriors,22:00,ESPN
Thursday 30 January 2025,Washington Wizards,Los Angeles Lakers,19:00,NBA League Pass
Thursday 30 January 2025,Cleveland Cavaliers,Atlanta Hawks,19:30,NBA League Pass
Thursday 30 January 2025,Memphis Grizzlies,Houston Rockets,19:30,TNT
Thursday 30 January 2025,Portland Trail Blazers,Orlando Magic,22:00,NBA League Pass
Thursday 30 January 2025,Utah Jazz,Minnesota Timberwolves,22:00,TNT
Friday 31 January 2025,Charlotte Hornets,LA Clippers,19:00,NBA League Pass
Friday 31 January 2025,Detroit Pistons,Dallas Mavericks,19:00,NBA League Pass
Friday 31 January 2025,Denver Nuggets,Philadelphia 76ers,19:30,ESPN
Friday 31 January 2025,Toronto Raptors,Chicago Bulls,19:30,NBA League Pass
Friday 31 January 2025,New Orleans Pelicans,Boston Celtics,20:00,NBA League Pass
Friday 31 January 2025,San Antonio Spurs,Milwaukee Bucks,20:00,NBA League Pass
Friday 31 January 2025,Phoenix Suns,Golden State Warriors,22:00,ESPN
Saturday 1 February 2025,Indiana Pacers,Atlanta Hawks,17:00,NBA League Pass
Saturday 1 February 2025,Utah Jazz,Orlando Magic,17:00,NBA League Pass
Saturday 1 February 2025,Charlotte Hornets,Denver Nuggets,19:00,NBA League Pass
Saturday 1 February 2025,Houston Rockets,Brooklyn Nets,20:00,NBA League Pass
Saturday 1 February 2025,Minnesota Timberwolves,Washington Wizards,20:00,NBA League Pass
Saturday 1 February 2025,Oklahoma City Thunder,Sacramento Kings,20:00,NBA League Pass
Saturday 1 February 2025,New York Knicks,Los Angeles Lakers,20:30,ABC
Saturday 1 February 2025,San Antonio Spurs,Miami Heat,20:30,NBA League Pass
Saturday 1 February 2025,Portland Trail Blazers,Phoenix Suns,22:00,NBA League Pass
Sunday 2 February 2025,Detroit Pistons,Chicago Bulls,15:00,NBA League Pass
Sunday 2 February 2025,Cleveland Cavaliers,Dallas Mavericks,15:30,NBA League Pass
Sunday 2 February 2025,Toronto Raptors,LA Clippers,15:30,NBA League Pass
Sunday 2 February 2025,Philadelphia 76ers,Boston Celtics,18:00,ESPN
Sunday 2 February 2025,Milwaukee Bucks,Memphis Grizzlies,20:30,ESPN
Monday 3 February 2025,Charlotte Hornets,Washington Wizards,19:00,NBA League Pass
Monday 3 February 2025,Detroit Pistons,Atlanta Hawks,19:00,NBA League Pass
Monday 3 February 2025,New York Knicks,Houston Rockets,19:30,NBATV
Monday 3 February 2025,Memphis Grizzlies,San Antonio Spurs,20:00,NBA League Pass
Monday 3 February 2025,Minnesota Timberwolves,Sacramento Kings,20:00,NBA League Pass
Monday 3 February 2025,Oklahoma City Thunder,Milwaukee Bucks,20:00,NBA League Pass
Monday 3 February 2025,Denver Nuggets,New Orleans Pelicans,21:00,NBA League Pass
Monday 3 February 2025,Utah Jazz,Indiana Pacers,21:00,NBA League Pass
Monday 3 February 2025,Golden State Warriors,Orlando Magic,22:00,NBATV
Monday 3 February 2025,Portland Trail Blazers,Phoenix Suns,22:00,NBA League Pass
Tuesday 4 February 2025,Cleveland Cavaliers,Boston Celtics,19:00,NBA League Pass
Tuesday 4 February 2025,Brooklyn Nets,Houston Rockets,19:30,NBA League Pass
Tuesday 4 February 2025,Philadelphia 76ers,Dallas Mavericks,19:30,TNT
Tuesday 4 February 2025,Toronto Raptors,New York Knicks,19:30,NBA League Pass
Tuesday 4 February 2025,Chicago Bulls,Miami Heat,20:00,NBA League Pass
Tuesday 4 February 2025,Portland Trail Blazers,Indiana Pacers,22:00,NBA League Pass
Tuesday 4 February 2025,LA Clippers,Los Angeles Lakers,22:00,TNT
Wednesday 5 February 2025,Charlotte Hornets,Milwaukee Bucks,19:00,NBA League Pass
Wednesday 5 February 2025,Detroit Pistons,Cleveland Cavaliers,19:00,NBA League Pass
Wednesday 5 February 2025,Atlanta Hawks,San Antonio Spurs,19:30,ESPN
Wednesday 5 February 2025,Brooklyn Nets,Washington Wizards,19:30,NBA League Pass
Wednesday 5 February 2025,Philadelphia 76ers,Miami Heat,19:30,NBA League Pass
Wednesday 5 February 2025,Toronto Raptors,Memphis Grizzlies,19:30,NBA League Pass
Wednesday 5 February 2025,Minnesota Timberwolves,Chicago Bulls,20:00,NBA League Pass
Wednesday 5 February 2025,Oklahoma City Thunder,Phoenix Suns,20:00,NBA League Pass
Wednesday 5 February 2025,Utah Jazz,Golden State Warriors,21:00,NBA League Pass
Wednesday 5 February 2025,Denver Nuggets,New Orleans Pelicans,22:00,ESPN
Wednesday 5 February 2025,Sacramento Kings,Orlando Magic,22:00,NBA League Pass
Thursday 6 February 2025,Boston Celtics,Dallas Mavericks,19:30,TNT
Thursday 6 February 2025,Minnesota Timberwolves,Houston Rockets,20:00,NBA League Pass
Thursday 6 February 2025,Denver Nuggets,Orlando Magic,21:00,NBA League Pass
Thursday 6 February 2025,Los Angeles Lakers,Golden State Warriors,22:00,TNT
Thursday 6 February 2025,Portland Trail Blazers,Sacramento Kings,22:00,NBA League Pass
Thursday 6 February 2025,LA Clippers,Indiana Pacers,22:30,NBA League Pass
Friday 7 February 2025,Charlotte Hornets,San Antonio Spurs,19:00,NBA League Pass
Friday 7 February 2025,Washington Wizards,Cleveland Cavaliers,19:00,NBA League Pass
Friday 7 February 2025,Atlanta Hawks,Milwaukee Bucks,19:30,NBA League Pass
Friday 7 February 2025,Brooklyn Nets,Miami Heat,19:30,NBA League Pass
Friday 7 February 2025,Detroit Pistons,Philadelphia 76ers,19:30,ESPN
Friday 7 February 2025,Oklahoma City Thunder,Toronto Raptors,20:00,NBA League Pass
Friday 7 February 2025,Phoenix Suns,Utah Jazz,22:00,ESPN
Saturday 8 February 2025,Dallas Mavericks,Houston Rockets,15:00,NBA League Pass
Saturday 8 February 2025,Los Angeles Lakers,Indiana Pacers,16:00,NBA League Pass
Saturday 8 February 2025,Orlando Magic,San Antonio Spurs,19:00,NBA League Pass
Saturday 8 February 2025,Washington Wizards,Atlanta Hawks,19:00,NBA League Pass
Saturday 8 February 2025,Chicago Bulls,Golden State Warriors,20:00,NBA League Pass
Saturday 8 February 2025,Memphis Grizzlies,Oklahoma City Thunder,20:00,NBA League Pass
Saturday 8 February 2025,Minnesota Timberwolves,Portland Trail Blazers,20:00,NBA League Pass
Saturday 8 February 2025,New York Knicks,Boston Celtics,20:30,ABC
Saturday 8 February 2025,Phoenix Suns,Denver Nuggets,21:00,NBA League Pass
Saturday 8 February 2025,Sacramento Kings,New Orleans Pelicans,22:00,NBA League Pass
Saturday 8 February 2025,LA Clippers,Utah Jazz,22:30,NBA League Pass
Sunday 9 February 2025,Detroit Pistons,Charlotte Hornets,13:00,NBA League Pass
Sunday 9 February 2025,Milwaukee Bucks,Philadelphia 76ers,14:00,ABC
Sunday 9 February 2025,Houston Rockets,Toronto Raptors,14:00,NBA League Pass
Monday 10 February 2025,Cleveland Cavaliers,Minnesota Timberwolves,19:00,NBA League Pass
Monday 10 February 2025,Orlando Magic,Atlanta Hawks,19:00,NBA League Pass
Monday 10 February 2025,Washington Wizards,San Antonio Spurs,19:00,NBA League Pass
Monday 10 February 2025,Brooklyn Nets,Charlotte Hornets,19:30,NBA League Pass
Monday 10 February 2025,Miami Heat,Boston Celtics,19:30,NBA League Pass
Monday 10 February 2025,Milwaukee Bucks,Golden State Warriors,20:00,NBATV
Monday 10 February 2025,Oklahoma City Thunder,New Orleans Pelicans,20:00,NBA League Pass
Monday 10 February 2025,Dallas Mavericks,Sacramento Kings,20:30,NBA League Pass
Monday 10 February 2025,Denver Nuggets,Portland Trail Blazers,21:00,NBA League Pass
Tuesday 11 February 2025,Philadelphia 76ers,Toronto Raptors,19:00,NBA League Pass
Tuesday 11 February 2025,Indiana Pacers,New York Knicks,19:30,TNT
Tuesday 11 February 2025,Chicago Bulls,Detroit Pistons,20:00,NBA League Pass
Tuesday 11 February 2025,Phoenix Suns,Memphis Grizzlies,22:00,TNT
Tuesday 11 February 2025,Los Angeles Lakers,Utah Jazz,22:30,NBA League Pass
Wednesday 12 February 2025,Boston Celtics,San Antonio Spurs,19:00,ESPN
Wednesday 12 February 2025,Orlando Magic,Charlotte Hornets,19:00,NBA League Pass
Wednesday 12 February 2025,Washington Wizards,Indiana Pacers,19:00,NBA League Pass
Wednesday 12 February 2025,Brooklyn Nets,Philadelphia 76ers,19:30,NBA League Pass
Wednesday 12 February 2025,New York Knicks,Atlanta Hawks,19:30,NBA League Pass
Wednesday 12 February 2025,Toronto Raptors,Cleveland Cavaliers,19:30,NBA League Pass
Wednesday 12 February 2025,Chicago Bulls,Detroit Pistons,20:00,NBA League Pass
Wednesday 12 February 2025,Minnesota Timberwolves,Milwaukee Bucks,20:00,NBA League Pass
Wednesday 12 February 2025,New Orleans Pelicans,Sacramento Kings,20:00,NBA League Pass
Wednesday 12 February 2025,Oklahoma City Thunder,Miami Heat,20:00,NBA League Pass
Wednesday 12 February 2025,Houston Rockets,Phoenix Suns,20:30,NBA League Pass
Wednesday 12 February 2025,Dallas Mavericks,Golden State Warriors,21:30,ESPN
Wednesday 12 February 2025,Denver Nuggets,Portland Trail Blazers,21:00,NBA League Pass
Wednesday 12 February 2025,Utah Jazz,Los Angeles Lakers,21:00,NBA League Pass
Wednesday 12 February 2025,LA Clippers,Memphis Grizzlies,22:30,NBA League Pass
Thursday 13 February 2025,Houston Rockets,Golden State Warriors,20:00,NBA League Pass
Thursday 13 February 2025,New Orleans Pelicans,Sacramento Kings,20:00,NBA League Pass
Thursday 13 February 2025,Minnesota Timberwolves,Oklahoma City Thunder,20:30,TNT
Thursday 13 February 2025,Dallas Mavericks,Miami Heat,20:30,NBA League Pass
Thursday 20 February 2025,Indiana Pacers,Memphis Grizzlies,19:00,NBA League Pass
Thursday 20 February 2025,Philadelphia 76ers,Boston Celtics,19:00,TNT
Thursday 20 February 2025,Atlanta Hawks,Orlando Magic,19:30,NBA League Pass
Thursday 20 February 2025,Brooklyn Nets,Cleveland Cavaliers,19:30,NBA League Pass
Thursday 20 February 2025,New York Knicks,Chicago Bulls,19:30,NBA League Pass
Thursday 20 February 2025,Milwaukee Bucks,LA Clippers,20:00,NBA League Pass
Thursday 20 February 2025,Denver Nuggets,Charlotte Hornets,21:00,NBA League Pass
Thursday 20 February 2025,San Antonio Spurs,Phoenix Suns,21:30,TNT
Thursday 20 February 2025,Portland Trail Blazers,Los Angeles Lakers,22:00,NBA League Pass
Friday 21 February 2025,Cleveland Cavaliers,New York Knicks,19:00,ESPN
Friday 21 February 2025,Orlando Magic,Memphis Grizzlies,19:00,NBA League Pass
Friday 21 February 2025,Washington Wizards,Milwaukee Bucks,19:00,NBA League Pass
Friday 21 February 2025,Toronto Raptors,Miami Heat,19:30,NBA League Pass
Friday 21 February 2025,Houston Rockets,Minnesota Timberwolves,20:00,NBA League Pass
Friday 21 February 2025,San Antonio Spurs,Detroit Pistons,20:30,NBA League Pass
Friday 21 February 2025,Dallas Mavericks,New Orleans Pelicans,21:30,ESPN
Friday 21 February 2025,Utah Jazz,Oklahoma City Thunder,21:30,NBA League Pass
Friday 21 February 2025,Sacramento Kings,Golden State Warriors,22:00,NBA League Pass
Saturday 22 February 2025,Chicago Bulls,Phoenix Suns,17:00,NBA League Pass
Saturday 22 February 2025,Philadelphia 76ers,Brooklyn Nets,19:30,NBA League Pass
Saturday 22 February 2025,Denver Nuggets,Los Angeles Lakers,20:30,ABC
Saturday 22 February 2025,Utah Jazz,Houston Rockets,21:30,NBA League Pass
Saturday 22 February 2025,Portland Trail Blazers,Charlotte Hornets,22:00,NBA League Pass
Sunday 23 February 2025,Boston Celtics,New York Knicks,13:00,ABC
Sunday 23 February 2025,Indiana Pacers,LA Clippers,17:00,NBA League Pass
Sunday 23 February 2025,Atlanta Hawks,Detroit Pistons,18:00,NBA League Pass
Sunday 23 February 2025,Orlando Magic,Washington Wizards,18:00,NBA League Pass
Sunday 23 February 2025,Toronto Raptors,Phoenix Suns,18:00,NBA League Pass
Sunday 23 February 2025,Golden State Warriors,Dallas Mavericks,15:30,ABC
Sunday 23 February 2025,New Orleans Pelicans,San Antonio Spurs,19:00,NBA League Pass
Sunday 23 February 2025,Milwaukee Bucks,Miami Heat,19:00,ESPN
Sunday 23 February 2025,Cleveland Cavaliers,Memphis Grizzlies,19:30,NBA League Pass
Sunday 23 February 2025,Minnesota Timberwolves,Oklahoma City Thunder,21:30,ESPN
Monday 24 February 2025,Detroit Pistons,LA Clippers,19:00,NBA League Pass
Monday 24 February 2025,Indiana Pacers,Denver Nuggets,19:00,NBA League Pass
Monday 24 February 2025,Philadelphia 76ers,Chicago Bulls,19:00,NBA League Pass
Monday 24 February 2025,Washington Wizards,Brooklyn Nets,19:00,NBA League Pass
Monday 24 February 2025,Atlanta Hawks,Miami Heat,19:30,NBA League Pass
Monday 24 February 2025,Oklahoma City Thunder,Minnesota Timberwolves,20:00,NBATV
Monday 24 February 2025,Utah Jazz,Portland Trail Blazers,21:00,NBA League Pass
Monday 24 February 2025,Sacramento Kings,Charlotte Hornets,22:00,NBA League Pass
Tuesday 25 February 2025,Toronto Raptors,Boston Celtics,19:00,NBA League Pass
Tuesday 25 February 2025,Orlando Magic,Cleveland Cavaliers,19:30,TNT
Tuesday 25 February 2025,Houston Rockets,Milwaukee Bucks,20:00,NBA League Pass
Tuesday 25 February 2025,Memphis Grizzlies,Phoenix Suns,20:00,NBA League Pass
Tuesday 25 February 2025,New Orleans Pelicans,San Antonio Spurs,20:00,NBA League Pass
Tuesday 25 February 2025,Los Angeles Lakers,Dallas Mavericks,22:00,TNT
Tuesday 25 February 2025,Golden State Warriors,Charlotte Hornets,22:00,NBA League Pass
Wednesday 26 February 2025,Detroit Pistons,Boston Celtics,19:00,NBA League Pass
Wednesday 26 February 2025,Indiana Pacers,Toronto Raptors,19:00,NBA League Pass
Wednesday 26 February 2025,New York Knicks,Philadelphia 76ers,19:00,ESPN
Wednesday 26 February 2025,Washington Wizards,Portland Trail Blazers,19:00,NBA League Pass
Wednesday 26 February 2025,Brooklyn Nets,Oklahoma City Thunder,19:30,NBA League Pass
Wednesday 26 February 2025,Miami Heat,Atlanta Hawks,19:30,NBA League Pass
Wednesday 26 February 2025,Chicago Bulls,LA Clippers,20:00,NBA League Pass
Wednesday 26 February 2025,Utah Jazz,Sacramento Kings,21:00,NBA League Pass
Wednesday 26 February 2025,Houston Rockets,San Antonio Spurs,21:30,ESPN
Thursday 27 February 2025,Orlando Magic,Golden State Warriors,19:00,NBA League Pass
Thursday 27 February 2025,Milwaukee Bucks,Denver Nuggets,19:30,TNT
Thursday 27 February 2025,Dallas Mavericks,Charlotte Hornets,20:30,NBA League Pass
Thursday 27 February 2025,Phoenix Suns,New Orleans Pelicans,22:00,TNT
Thursday 27 February 2025,Los Angeles Lakers,Minnesota Timberwolves,22:30,NBA League Pass
Friday 28 February 2025,Detroit Pistons,Denver Nuggets,19:00,NBA League Pass
Friday 28 February 2025,Atlanta Hawks,Oklahoma City Thunder,19:30,NBA League Pass
Friday 28 February 2025,Boston Celtics,Cleveland Cavaliers,19:30,ESPN
Friday 28 February 2025,Brooklyn Nets,Portland Trail Blazers,19:30,NBA League Pass
Friday 28 February 2025,Chicago Bulls,Toronto Raptors,20:00,NBA League Pass
Friday 28 February 2025,Memphis Grizzlies,New York Knicks,20:00,NBA League Pass
Friday 28 February 2025,Miami Heat,Indiana Pacers,20:00,NBA League Pass
Friday 28 February 2025,Phoenix Suns,New Orleans Pelicans,21:00,NBA League Pass
Friday 28 February 2025,Utah Jazz,Minnesota Timberwolves,21:30,NBA League Pass
Friday 28 February 2025,Los Angeles Lakers,LA Clippers,22:00,ESPN
Saturday 1 March 2025,Charlotte Hornets,Washington Wizards,18:00,NBA League Pass
Saturday 1 March 2025,Detroit Pistons,Brooklyn Nets,19:00,NBA League Pass
Saturday 1 March 2025,Houston Rockets,Sacramento Kings,20:00,NBA League Pass
Saturday 1 March 2025,Memphis Grizzlies,San Antonio Spurs,20:00,NBA League Pass
Saturday 1 March 2025,Dallas Mavericks,Milwaukee Bucks,20:30,NBA League Pass
Saturday 1 March 2025,Philadelphia 76ers,Golden State Warriors,20:30,ABC
Sunday 2 March 2025,Boston Celtics,Denver Nuggets,13:00,ABC
Sunday 2 March 2025,Cleveland Cavaliers,Portland Trail Blazers,15:30,NBATV
Sunday 2 March 2025,Indiana Pacers,Chicago Bulls,17:00,NBA League Pass
Sunday 2 March 2025,Miami Heat,New York Knicks,18:00,NBA League Pass
Sunday 2 March 2025,Orlando Magic,Toronto Raptors,18:00,NBA League Pass
Sunday 2 March 2025,San Antonio Spurs,Oklahoma City Thunder,19:00,ESPN
Sunday 2 March 2025,Utah Jazz,New Orleans Pelicans,20:00,NBA League Pass
Sunday 2 March 2025,Phoenix Suns,Minnesota Timberwolves,21:30,ESPN
Sunday 2 March 2025,Los Angeles Lakers,LA Clippers,21:30,NBA League Pass
Monday 3 March 2025,Charlotte Hornets,Golden State Warriors,19:00,NBATV
Monday 3 March 2025,Philadelphia 76ers,Portland Trail Blazers,19:00,NBA League Pass
Monday 3 March 2025,Miami Heat,Washington Wizards,19:30,NBA League Pass
Monday 3 March 2025,Memphis Grizzlies,Atlanta Hawks,20:00,NBA League Pass
Monday 3 March 2025,Oklahoma City Thunder,Houston Rockets,20:00,NBA League Pass
Monday 3 March 2025,Dallas Mavericks,Sacramento Kings,20:30,NBA League Pass
Monday 3 March 2025,Utah Jazz,Detroit Pistons,21:30,NBATV
Tuesday 4 March 2025,Indiana Pacers,Houston Rockets,19:00,NBA League Pass
Tuesday 4 March 2025,Orlando Magic,Toronto Raptors,19:00,NBA League Pass
Tuesday 4 March 2025,New York Knicks,Golden State Warriors,19:30,TNT
Tuesday 4 March 2025,Atlanta Hawks,Milwaukee Bucks,19:30,NBA League Pass
Tuesday 4 March 2025,Chicago Bulls,Cleveland Cavaliers,20:00,NBA League Pass
Tuesday 4 March 2025,Minnesota Timberwolves,Philadelphia 76ers,20:00,NBA League Pass
Tuesday 4 March 2025,San Antonio Spurs,Brooklyn Nets,20:30,NBA League Pass
Tuesday 4 March 2025,Phoenix Suns,LA Clippers,22:00,TNT
Tuesday 4 March 2025,Los Angeles Lakers,New Orleans Pelicans,22:30,NBA League Pass
Wednesday 5 March 2025,Boston Celtics,Portland Trail Blazers,19:00,NBA League Pass
Wednesday 5 March 2025,Charlotte Hornets,Minnesota Timberwolves,19:00,NBA League Pass
Wednesday 5 March 2025,Washington Wizards,Utah Jazz,19:00,NBA League Pass
Wednesday 5 March 2025,Cleveland Cavaliers,Miami Heat,19:00,ESPN
Wednesday 5 March 2025,Memphis Grizzlies,Oklahoma City Thunder,20:00,NBA League Pass
Wednesday 5 March 2025,Denver Nuggets,Sacramento Kings,21:00,NBA League Pass
Wednesday 5 March 2025,Milwaukee Bucks,Dallas Mavericks,21:30,ESPN
Wednesday 5 March 2025,LA Clippers,Detroit Pistons,22:30,NBA League Pass
Thursday 6 March 2025,Atlanta Hawks,Indiana Pacers,19:30,NBA League Pass
Thursday 6 March 2025,Brooklyn Nets,Golden State Warriors,19:30,NBA League Pass
Thursday 6 March 2025,Boston Celtics,Philadelphia 76ers,19:30,TNT
Thursday 6 March 2025,New Orleans Pelicans,Houston Rockets,20:00,NBA League Pass
Thursday 6 March 2025,Los Angeles Lakers,New York Knicks,22:00,TNT
Friday 7 March 2025,Charlotte Hornets,Cleveland Cavaliers,19:00,NBA League Pass
Friday 7 March 2025,Dallas Mavericks,Memphis Grizzlies,19:30,ESPN
Friday 7 March 2025,Toronto Raptors,Utah Jazz,19:30,NBA League Pass
Friday 7 March 2025,Miami Heat,Minnesota Timberwolves,20:00,NBA League Pass
Friday 7 March 2025,Oklahoma City Thunder,Portland Trail Blazers,20:00,NBA League Pass
Friday 7 March 2025,Denver Nuggets,Phoenix Suns,22:00,ESPN
Friday 7 March 2025,Sacramento Kings,San Antonio Spurs,22:00,NBA League Pass
Friday 7 March 2025,LA Clippers,New York Knicks,22:30,NBA League Pass
Saturday 8 March 2025,Charlotte Hornets,Brooklyn Nets,18:00,NBA League Pass
Saturday 8 March 2025,Houston Rockets,New Orleans Pelicans,19:00,NBA League Pass
Saturday 8 March 2025,Atlanta Hawks,Indiana Pacers,19:30,NBA League Pass
Saturday 8 March 2025,Toronto Raptors,Washington Wizards,19:30,NBA League Pass
Saturday 8 March 2025,Miami Heat,Chicago Bulls,20:00,NBA League Pass
Saturday 8 March 2025,Milwaukee Bucks,Orlando Magic,20:00,NBA League Pass
Saturday 8 March 2025,Golden State Warriors,Detroit Pistons,20:30,NBA League Pass
Saturday 8 March 2025,Boston Celtics,Los Angeles Lakers,20:30,ABC
Sunday 9 March 2025,Oklahoma City Thunder,Denver Nuggets,13:00,ABC
Sunday 9 March 2025,Dallas Mavericks,Phoenix Suns,15:30,ABC
Sunday 9 March 2025,Milwaukee Bucks,Cleveland Cavaliers,19:00,NBA League Pass
Sunday 9 March 2025,New Orleans Pelicans,Memphis Grizzlies,19:00,ESPN
Sunday 9 March 2025,Philadelphia 76ers,Utah Jazz,19:30,NBA League Pass
Sunday 9 March 2025,Minnesota Timberwolves,San Antonio Spurs,20:00,NBA League Pass
Sunday 9 March 2025,Portland Trail Blazers,Detroit Pistons,21:00,NBA League Pass
Sunday 9 March 2025,LA Clippers,Sacramento Kings,21:30,ESPN
Monday 10 March 2025,Oklahoma City Thunder,Denver Nuggets,20:00,NBATV
Monday 10 March 2025,Atlanta Hawks,Philadelphia 76ers,19:30,NBA League Pass
Monday 10 March 2025,Boston Celtics,Utah Jazz,19:30,NBA League Pass
Monday 10 March 2025,Brooklyn Nets,Los Angeles Lakers,19:30,NBA League Pass
Monday 10 March 2025,Miami Heat,Charlotte Hornets,19:30,NBA League Pass
Monday 10 March 2025,Toronto Raptors,Washington Wizards,19:30,NBA League Pass
Monday 10 March 2025,Chicago Bulls,Indiana Pacers,20:00,NBA League Pass
Monday 10 March 2025,Houston Rockets,Orlando Magic,20:00,NBA League Pass
Monday 10 March 2025,Memphis Grizzlies,Phoenix Suns,20:00,NBA League Pass
Monday 10 March 2025,San Antonio Spurs,Dallas Mavericks,20:30,NBA League Pass
Monday 10 March 2025,Sacramento Kings,New York Knicks,22:30,NBATV
Monday 10 March 2025,Golden State Warriors,Portland Trail Blazers,22:00,NBA League Pass
Tuesday 11 March 2025,Cleveland Cavaliers,Brooklyn Nets,19:00,NBA League Pass
Tuesday 11 March 2025,Detroit Pistons,Washington Wizards,19:00,NBA League Pass
Tuesday 11 March 2025,Indiana Pacers,Milwaukee Bucks,19:00,TNT
Tuesday 11 March 2025,New Orleans Pelicans,LA Clippers,21:30,TNT
Wednesday 12 March 2025,Boston Celtics,Oklahoma City Thunder,19:30,ESPN
Wednesday 12 March 2025,Orlando Magic,Chicago Bulls,19:00,NBA League Pass
Wednesday 12 March 2025,Atlanta Hawks,Charlotte Hornets,19:30,NBA League Pass
Wednesday 12 March 2025,Toronto Raptors,Philadelphia 76ers,19:30,NBA League Pass
Wednesday 12 March 2025,Miami Heat,LA Clippers,20:00,NBA League Pass
Wednesday 12 March 2025,Houston Rockets,Phoenix Suns,20:00,NBA League Pass
Wednesday 12 March 2025,Memphis Grizzlies,Utah Jazz,20:00,NBA League Pass
Wednesday 12 March 2025,San Antonio Spurs,Dallas Mavericks,20:00,NBA League Pass
Wednesday 12 March 2025,Denver Nuggets,Minnesota Timberwolves,22:00,ESPN
Wednesday 12 March 2025,Portland Trail Blazers,New York Knicks,22:00,NBA League Pass
Thursday 13 March 2025,Detroit Pistons,Washington Wizards,19:00,NBA League Pass
Thursday 13 March 2025,Milwaukee Bucks,Los Angeles Lakers,19:30,TNT
Thursday 13 March 2025,Chicago Bulls,Brooklyn Nets,20:00,NBA League Pass
Thursday 13 March 2025,Golden State Warriors,Sacramento Kings,22:00,TNT
Friday 14 March 2025,Miami Heat,Boston Celtics,19:00,NBATV
Friday 14 March 2025,Philadelphia 76ers,Indiana Pacers,19:00,NBA League Pass
Friday 14 March 2025,Atlanta Hawks,LA Clippers,19:30,NBA League Pass
Friday 14 March 2025,Houston Rockets,Dallas Mavericks,20:00,NBA League Pass
Friday 14 March 2025,Memphis Grizzlies,Cleveland Cavaliers,20:00,NBA League Pass
Friday 14 March 2025,Minnesota Timberwolves,Orlando Magic,20:00,NBA League Pass
Friday 14 March 2025,San Antonio Spurs,Charlotte Hornets,20:00,NBA League Pass
Friday 14 March 2025,Denver Nuggets,Los Angeles Lakers,21:30,NBATV
Friday 14 March 2025,Utah Jazz,Toronto Raptors,21:30,NBA League Pass
Friday 14 March 2025,Phoenix Suns,Sacramento Kings,22:00,NBA League Pass
Saturday 15 March 2025,Brooklyn Nets,Boston Celtics,18:00,NBA League Pass
Saturday 15 March 2025,Detroit Pistons,Oklahoma City Thunder,19:00,NBA League Pass
Saturday 15 March 2025,Houston Rockets,Chicago Bulls,20:00,NBA League Pass
Saturday 15 March 2025,Memphis Grizzlies,Miami Heat,20:00,NBA League Pass
Saturday 15 March 2025,Milwaukee Bucks,Indiana Pacers,20:00,NBA League Pass
Saturday 15 March 2025,San Antonio Spurs,New Orleans Pelicans,20:30,NBA League Pass
Saturday 15 March 2025,Denver Nuggets,Washington Wizards,21:00,NBA League Pass
Saturday 15 March 2025,Golden State Warriors,New York Knicks,20:30,ABC
Sunday 16 March 2025,Dallas Mavericks,Philadelphia 76ers,13:00,ABC
Sunday 16 March 2025,Los Angeles Lakers,Phoenix Suns,15:30,ABC
Sunday 16 March 2025,Cleveland Cavaliers,Orlando Magic,18:00,NBA League Pass
Sunday 16 March 2025,Portland Trail Blazers,Toronto Raptors,18:00,NBA League Pass
Sunday 16 March 2025,Brooklyn Nets,Atlanta Hawks,18:00,NBATV
Sunday 16 March 2025,Minnesota Timberwolves,Utah Jazz,19:00,NBA League Pass
Sunday 16 March 2025,Milwaukee Bucks,Oklahoma City Thunder,21:00,ESPN
Sunday 16 March 2025,LA Clippers,Washington Wizards,22:00,NBA League Pass
Monday 17 March 2025,New York Knicks,Miami Heat,19:30,ESPN
Monday 17 March 2025,Houston Rockets,Philadelphia 76ers,20:00,NBA League Pass
Monday 17 March 2025,Minnesota Timberwolves,Indiana Pacers,20:00,NBA League Pass
Monday 17 March 2025,New Orleans Pelicans,Detroit Pistons,20:00,NBA League Pass
Monday 17 March 2025,San Antonio Spurs,Orlando Magic,20:00,NBA League Pass
Monday 17 March 2025,Utah Jazz,Chicago Bulls,21:00,NBA League Pass
Monday 17 March 2025,Golden State Warriors,Denver Nuggets,22:00,ESPN
Monday 17 March 2025,Phoenix Suns,Toronto Raptors,22:00,NBA League Pass
Monday 17 March 2025,Sacramento Kings,Memphis Grizzlies,22:00,NBA League Pass
Tuesday 18 March 2025,Boston Celtics,Brooklyn Nets,19:30,NBATV
Tuesday 18 March 2025,Charlotte Hornets,Atlanta Hawks,19:00,NBA League Pass
Tuesday 18 March 2025,Los Angeles Lakers,Milwaukee Bucks,22:30,NBATV
Tuesday 18 March 2025,Portland Trail Blazers,Washington Wizards,22:00,NBA League Pass
Tuesday 18 March 2025,LA Clippers,Cleveland Cavaliers,22:30,NBA League Pass
Wednesday 19 March 2025,Minnesota Timberwolves,New Orleans Pelicans,19:30,ESPN
Wednesday 19 March 2025,Indiana Pacers,Dallas Mavericks,19:00,NBA League Pass
Wednesday 19 March 2025,Orlando Magic,Houston Rockets,19:00,NBA League Pass
Wednesday 19 March 2025,Miami Heat,Detroit Pistons,19:30,NBA League Pass
Wednesday 19 March 2025,Oklahoma City Thunder,Philadelphia 76ers,20:00,NBA League Pass
Wednesday 19 March 2025,San Antonio Spurs,New York Knicks,20:00,NBA League Pass
Wednesday 19 March 2025,Utah Jazz,LA Clippers,21:00,NBA League Pass
Wednesday 19 March 2025,Golden State Warriors,Toronto Raptors,22:00,NBA League Pass
Wednesday 19 March 2025,Phoenix Suns,Chicago Bulls,22:00,NBA League Pass
Wednesday 19 March 2025,Portland Trail Blazers,Memphis Grizzlies,22:00,NBA League Pass
Wednesday 19 March 2025,Sacramento Kings,Cleveland Cavaliers,22:00,NBA League Pass
Thursday 20 March 2025,Charlotte Hornets,New York Knicks,19:00,NBA League Pass
Thursday 20 March 2025,Indiana Pacers,Brooklyn Nets,19:00,NBATV
Thursday 20 March 2025,Golden State Warriors,Milwaukee Bucks,22:00,NBATV
Thursday 20 March 2025,Sacramento Kings,Chicago Bulls,22:00,NBA League Pass
Friday 21 March 2025,Washington Wizards,Orlando Magic,19:00,NBA League Pass
Friday 21 March 2025,San Antonio Spurs,Philadelphia 76ers,20:00,NBATV
Friday 21 March 2025,Miami Heat,Houston Rockets,20:00,NBA League Pass
Friday 21 March 2025,Minnesota Timberwolves,New Orleans Pelicans,20:00,NBA League Pass
Friday 21 March 2025,Oklahoma City Thunder,Charlotte Hornets,20:00,NBA League Pass
Friday 21 March 2025,Dallas Mavericks,Detroit Pistons,20:30,NBA League Pass
Friday 21 March 2025,Utah Jazz,Boston Celtics,21:30,NBA League Pass
Friday 21 March 2025,Phoenix Suns,Cleveland Cavaliers,22:00,NBA League Pass
Friday 21 March 2025,Portland Trail Blazers,Denver Nuggets,22:00,NBA League Pass
Friday 21 March 2025,LA Clippers,Memphis Grizzlies,22:30,NBATV
Saturday 22 March 2025,Indiana Pacers,Brooklyn Nets,17:00,NBA League Pass
Saturday 22 March 2025,Atlanta Hawks,Golden State Warriors,19:00,NBA League Pass
Saturday 22 March 2025,New York Knicks,Washington Wizards,20:00,NBA League Pass
Saturday 22 March 2025,Sacramento Kings,Milwaukee Bucks,22:00,NBATV
Saturday 22 March 2025,Los Angeles Lakers,Chicago Bulls,22:30,NBA League Pass
Sunday 23 March 2025,Detroit Pistons,New Orleans Pelicans,15:00,NBA League Pass
Sunday 23 March 2025,Utah Jazz,Cleveland Cavaliers,15:30,NBA League Pass
Sunday 23 March 2025,Atlanta Hawks,Philadelphia 76ers,18:00,NBA League Pass
Sunday 23 March 2025,Miami Heat,Charlotte Hornets,18:00,NBA League Pass
Sunday 23 March 2025,Toronto Raptors,San Antonio Spurs,18:00,NBA League Pass
Sunday 23 March 2025,Portland Trail Blazers,Boston Celtics,18:00,NBA League Pass
Sunday 23 March 2025,Houston Rockets,Denver Nuggets,19:00,NBA League Pass
Sunday 23 March 2025,LA Clippers,Oklahoma City Thunder,21:00,NBATV
Monday 24 March 2025,Washington Wizards,Toronto Raptors,19:00,NBATV
Monday 24 March 2025,Indiana Pacers,Minnesota Timberwolves,19:00,NBA League Pass
Monday 24 March 2025,Orlando Magic,Los Angeles Lakers,19:00,NBA League Pass
Monday 24 March 2025,Brooklyn Nets,Dallas Mavericks,19:30,NBA League Pass
Monday 24 March 2025,New Orleans Pelicans,Philadelphia 76ers,20:00,NBA League Pass
Monday 24 March 2025,Denver Nuggets,Chicago Bulls,21:00,NBA League Pass
Monday 24 March 2025,Phoenix Suns,Milwaukee Bucks,22:00,NBATV
Monday 24 March 2025,Sacramento Kings,Boston Celtics,22:00,NBA League Pass
Tuesday 25 March 2025,Charlotte Hornets,Orlando Magic,19:00,NBA League Pass
Tuesday 25 March 2025,Detroit Pistons,San Antonio Spurs,19:00,NBA League Pass
Tuesday 25 March 2025,Miami Heat,Golden State Warriors,19:30,NBA League Pass
Tuesday 25 March 2025,New York Knicks,Dallas Mavericks,19:30,TNT
Tuesday 25 March 2025,Houston Rockets,Atlanta Hawks,20:00,NBA League Pass
Tuesday 25 March 2025,Utah Jazz,Memphis Grizzlies,21:00,NBA League Pass
Tuesday 25 March 2025,Portland Trail Blazers,Cleveland Cavaliers,22:00,NBA League Pass
Tuesday 25 March 2025,Sacramento Kings,Oklahoma City Thunder,22:00,TNT
Wednesday 26 March 2025,Philadelphia 76ers,Washington Wizards,19:00,NBA League Pass
Wednesday 26 March 2025,Indiana Pacers,Los Angeles Lakers,19:30,ESPN
Wednesday 26 March 2025,Brooklyn Nets,Toronto Raptors,19:30,NBA League Pass
Wednesday 26 March 2025,New York Knicks,LA Clippers,19:30,NBA League Pass
Wednesday 26 March 2025,Denver Nuggets,Milwaukee Bucks,21:00,NBA League Pass
Wednesday 26 March 2025,Phoenix Suns,Boston Celtics,22:00,ESPN
Thursday 27 March 2025,Orlando Magic,Dallas Mavericks,19:00,NBATV
Thursday 27 March 2025,Cleveland Cavaliers,San Antonio Spurs,19:00,NBA League Pass
Thursday 27 March 2025,Washington Wizards,Indiana Pacers,19:00,NBA League Pass
Thursday 27 March 2025,Miami Heat,Atlanta Hawks,19:30,NBA League Pass
Thursday 27 March 2025,Chicago Bulls,Los Angeles Lakers,20:00,NBA League Pass
Thursday 27 March 2025,Oklahoma City Thunder,Memphis Grizzlies,20:00,NBA League Pass
Thursday 27 March 2025,Utah Jazz,Houston Rockets,21:00,NBA League Pass
Thursday 27 March 2025,Sacramento Kings,Portland Trail Blazers,22:00,NBA League Pass
Friday 28 March 2025,Detroit Pistons,Cleveland Cavaliers,19:00,NBA League Pass
Friday 28 March 2025,Brooklyn Nets,LA Clippers,19:30,NBA League Pass
Friday 28 March 2025,Toronto Raptors,Charlotte Hornets,19:30,NBA League Pass
Friday 28 March 2025,Milwaukee Bucks,New York Knicks,20:00,NBA League Pass
Friday 28 March 2025,Minnesota Timberwolves,Phoenix Suns,20:00,NBATV
Friday 28 March 2025,New Orleans Pelicans,Golden State Warriors,20:00,NBA League Pass
Friday 28 March 2025,Denver Nuggets,Utah Jazz,21:00,NBA League Pass
Saturday 29 March 2025,Orlando Magic,Sacramento Kings,17:00,NBA League Pass
Saturday 29 March 2025,Washington Wizards,Brooklyn Nets,19:00,NBA League Pass
Saturday 29 March 2025,Philadelphia 76ers,Miami Heat,19:30,NBA League Pass
Saturday 29 March 2025,Chicago Bulls,Dallas Mavericks,20:00,NBA League Pass
Saturday 29 March 2025,Memphis Grizzlies,Los Angeles Lakers,20:00,NBA League Pass
Saturday 29 March 2025,Oklahoma City Thunder,Indiana Pacers,20:00,NBA League Pass
Saturday 29 March 2025,San Antonio Spurs,Boston Celtics,20:00,NBATV
Sunday 30 March 2025,Cleveland Cavaliers,LA Clippers,15:30,NBA League Pass
Sunday 30 March 2025,New York Knicks,Portland Trail Blazers,18:00,NBATV
Sunday 30 March 2025,Milwaukee Bucks,Atlanta Hawks,19:00,NBA League Pass
Sunday 30 March 2025,Minnesota Timberwolves,Detroit Pistons,19:00,NBA League Pass
Sunday 30 March 2025,New Orleans Pelicans,Charlotte Hornets,19:00,NBA League Pass
Sunday 30 March 2025,San Antonio Spurs,Golden State Warriors,19:00,NBA League Pass
Sunday 30 March 2025,Philadelphia 76ers,Toronto Raptors,19:30,NBA League Pass
Sunday 30 March 2025,Phoenix Suns,Houston Rockets,21:00,NBATV
Monday 31 March 2025,Charlotte Hornets,Utah Jazz,19:00,NBA League Pass
Monday 31 March 2025,Indiana Pacers,Sacramento Kings,19:00,NBA League Pass
Monday 31 March 2025,Orlando Magic,LA Clippers,19:00,NBA League Pass
Monday 31 March 2025,Washington Wizards,Miami Heat,19:00,NBA League Pass
Monday 31 March 2025,Memphis Grizzlies,Boston Celtics,20:00,NBATV
Monday 31 March 2025,Oklahoma City Thunder,Chicago Bulls,20:00,NBA League Pass
Monday 31 March 2025,Dallas Mavericks,Brooklyn Nets,20:30,NBA League Pass
Monday 31 March 2025,Los Angeles Lakers,Houston Rockets,22:30,NBATV
Tuesday 1 April 2025,New York Knicks,Philadelphia 76ers,19:30,TNT
Tuesday 1 April 2025,Atlanta Hawks,Portland Trail Blazers,19:30,NBA League Pass
Tuesday 1 April 2025,Chicago Bulls,Toronto Raptors,20:00,NBA League Pass
Tuesday 1 April 2025,Memphis Grizzlies,Golden State Warriors,20:00,NBA League Pass
Tuesday 1 April 2025,Milwaukee Bucks,Phoenix Suns,20:00,NBA League Pass
Tuesday 1 April 2025,Denver Nuggets,Minnesota Timberwolves,22:00,TNT
Wednesday 2 April 2025,Cleveland Cavaliers,New York Knicks,19:00,NBA League Pass
Wednesday 2 April 2025,Indiana Pacers,Charlotte Hornets,19:00,NBA League Pass
Wednesday 2 April 2025,Washington Wizards,Sacramento Kings,19:00,NBA League Pass
Wednesday 2 April 2025,Boston Celtics,Miami Heat,19:30,ESPN
Wednesday 2 April 2025,Houston Rockets,Utah Jazz,20:00,NBA League Pass
Wednesday 2 April 2025,Oklahoma City Thunder,Detroit Pistons,20:00,NBA League Pass
Wednesday 2 April 2025,Dallas Mavericks,Atlanta Hawks,20:30,NBA League Pass
Wednesday 2 April 2025,Denver Nuggets,San Antonio Spurs,21:00,NBA League Pass
Wednesday 2 April 2025,LA Clippers,New Orleans Pelicans,22:00,ESPN
Thursday 3 April 2025,Washington Wizards,Orlando Magic,19:00,NBA League Pass
Thursday 3 April 2025,Philadelphia 76ers,Milwaukee Bucks,19:30,TNT
Thursday 3 April 2025,Brooklyn Nets,Minnesota Timberwolves,19:30,NBA League Pass
Thursday 3 April 2025,Miami Heat,Memphis Grizzlies,19:30,NBA League Pass
Thursday 3 April 2025,Toronto Raptors,Portland Trail Blazers,19:30,NBA League Pass
Thursday 3 April 2025,Los Angeles Lakers,Golden State Warriors,22:00,TNT
Friday 4 April 2025,Charlotte Hornets,Sacramento Kings,19:00,NBA League Pass
Friday 4 April 2025,Indiana Pacers,Utah Jazz,19:00,NBA League Pass
Friday 4 April 2025,Boston Celtics,Phoenix Suns,19:30,NBATV
Friday 4 April 2025,Toronto Raptors,Detroit Pistons,19:30,NBA League Pass
Friday 4 April 2025,Chicago Bulls,Portland Trail Blazers,20:00,NBA League Pass
Friday 4 April 2025,Houston Rockets,Oklahoma City Thunder,20:00,NBA League Pass
Friday 4 April 2025,San Antonio Spurs,Cleveland Cavaliers,20:00,NBA League Pass
Friday 4 April 2025,Golden State Warriors,Denver Nuggets,22:00,NBATV
Friday 4 April 2025,Los Angeles Lakers,New Orleans Pelicans,22:30,NBA League Pass
Friday 4 April 2025,LA Clippers,Dallas Mavericks,22:30,NBA League Pass
Saturday 5 April 2025,Atlanta Hawks,New York Knicks,15:00,NBA League Pass
Saturday 5 April 2025,Detroit Pistons,Memphis Grizzlies,19:00,NBA League Pass
Saturday 5 April 2025,Philadelphia 76ers,Minnesota Timberwolves,19:00,NBA League Pass
Saturday 5 April 2025,Miami Heat,Milwaukee Bucks,20:00,NBA League Pass
Saturday 5 April 2025,LA Clippers,Dallas Mavericks,22:30,NBATV
Sunday 6 April 2025,Charlotte Hornets,Chicago Bulls,13:00,NBATV
Sunday 6 April 2025,Brooklyn Nets,Toronto Raptors,15:30,NBA League Pass
Sunday 6 April 2025,Oklahoma City Thunder,Los Angeles Lakers,15:30,NBATV
Sunday 6 April 2025,Atlanta Hawks,Utah Jazz,18:00,NBA League Pass
Sunday 6 April 2025,Boston Celtics,Washington Wizards,18:00,NBATV
Sunday 6 April 2025,Cleveland Cavaliers,Sacramento Kings,18:00,NBA League Pass
Sunday 6 April 2025,Portland Trail Blazers,San Antonio Spurs,18:00,NBA League Pass
Sunday 6 April 2025,New York Knicks,Phoenix Suns,19:00,NBA League Pass
Sunday 6 April 2025,New Orleans Pelicans,Orlando Magic,19:00,NBA League Pass
Sunday 6 April 2025,Denver Nuggets,Indiana Pacers,20:00,NBA League Pass
Sunday 6 April 2025,Golden State Warriors,Houston Rockets,20:30,NBATV
Monday 7 April 2025,Detroit Pistons,Sacramento Kings,19:00,NBA League Pass
Monday 7 April 2025,Miami Heat,Philadelphia 76ers,19:30,NBATV
Tuesday 8 April 2025,Charlotte Hornets,Memphis Grizzlies,19:00,NBA League Pass
Tuesday 8 April 2025,Cleveland Cavaliers,Chicago Bulls,19:00,NBA League Pass
Tuesday 8 April 2025,Indiana Pacers,Washington Wizards,19:00,NBA League Pass
Tuesday 8 April 2025,Orlando Magic,Atlanta Hawks,19:00,NBA League Pass
Tuesday 8 April 2025,New York Knicks,Boston Celtics,19:30,TNT
Tuesday 8 April 2025,Brooklyn Nets,New Orleans Pelicans,19:30,NBA League Pass
Tuesday 8 April 2025,Milwaukee Bucks,Minnesota Timberwolves,20:00,NBA League Pass
Tuesday 8 April 2025,Oklahoma City Thunder,Los Angeles Lakers,20:00,NBA League Pass
Tuesday 8 April 2025,Phoenix Suns,Golden State Warriors,22:00,TNT
Tuesday 8 April 2025,LA Clippers,San Antonio Spurs,22:30,NBA League Pass
Wednesday 9 April 2025,Orlando Magic,Boston Celtics,19:00,NBA League Pass
Wednesday 9 April 2025,Washington Wizards,Philadelphia 76ers,19:00,NBA League Pass
Wednesday 9 April 2025,Dallas Mavericks,Los Angeles Lakers,19:30,ESPN
Wednesday 9 April 2025,Toronto Raptors,Charlotte Hornets,19:30,NBA League Pass
Wednesday 9 April 2025,Chicago Bulls,Miami Heat,20:00,NBA League Pass
Wednesday 9 April 2025,Milwaukee Bucks,New Orleans Pelicans,20:00,NBA League Pass
Wednesday 9 April 2025,Utah Jazz,Portland Trail Blazers,21:00,NBA League Pass
Wednesday 9 April 2025,Golden State Warriors,San Antonio Spurs,22:00,NBA League Pass
Wednesday 9 April 2025,Phoenix Suns,Oklahoma City Thunder,22:00,NBA League Pass
Wednesday 9 April 2025,Sacramento Kings,Denver Nuggets,22:00,ESPN
Wednesday 9 April 2025,LA Clippers,Houston Rockets,22:30,NBA League Pass
Thursday 10 April 2025,Detroit Pistons,New York Knicks,19:00,NBA League Pass
Thursday 10 April 2025,Indiana Pacers,Cleveland Cavaliers,19:00,TNT
Thursday 10 April 2025,Brooklyn Nets,Atlanta Hawks,19:30,NBA League Pass
Thursday 10 April 2025,Memphis Grizzlies,Minnesota Timberwolves,21:30,TNT
Friday 11 April 2025,Detroit Pistons,Milwaukee Bucks,19:00,NBA League Pass
Friday 11 April 2025,Indiana Pacers,Orlando Magic,19:00,NBA League Pass
Friday 11 April 2025,Philadelphia 76ers,Atlanta Hawks,19:00,NBA League Pass
Friday 11 April 2025,New York Knicks,Cleveland Cavaliers,19:30,NBATV
Friday 11 April 2025,Boston Celtics,Charlotte Hornets,19:30,NBA League Pass
Friday 11 April 2025,Chicago Bulls,Washington Wizards,20:00,NBA League Pass
Friday 11 April 2025,New Orleans Pelicans,Miami Heat,20:00,NBA League Pass
Friday 11 April 2025,Dallas Mavericks,Toronto Raptors,20:30,NBA League Pass
Friday 11 April 2025,Minnesota Timberwolves,Brooklyn Nets,21:00,NBA League Pass
Friday 11 April 2025,Denver Nuggets,Memphis Grizzlies,21:00,NBA League Pass
Friday 11 April 2025,Utah Jazz,Oklahoma City Thunder,21:30,NBA League Pass
Friday 11 April 2025,Phoenix Suns,San Antonio Spurs,22:00,NBA League Pass
Friday 11 April 2025,Portland Trail Blazers,Golden State Warriors,22:00,NBA League Pass
Friday 11 April 2025,Sacramento Kings,LA Clippers,22:00,NBA League Pass
Friday 11 April 2025,Los Angeles Lakers,Houston Rockets,22:30,NBATV
Sunday 13 April 2025,Atlanta Hawks,Orlando Magic,13:00,NBA League Pass
Sunday 13 April 2025,Boston Celtics,Charlotte Hornets,13:00,NBA League Pass
Sunday 13 April 2025,Brooklyn Nets,New York Knicks,13:00,NBA League Pass
Sunday 13 April 2025,Cleveland Cavaliers,Indiana Pacers,13:00,NBA League Pass
Sunday 13 April 2025,Miami Heat,Washington Wizards,13:00,NBA League Pass
Sunday 13 April 2025,Philadelphia 76ers,Chicago Bulls,13:00,NBA League Pass
Sunday 13 April 2025,Milwaukee Bucks,Detroit Pistons,13:00,NBA League Pass
Sunday 13 April 2025,Houston Rockets,Denver Nuggets,15:30,NBA League Pass
Sunday 13 April 2025,Memphis Grizzlies,Dallas Mavericks,15:30,NBA League Pass
Sunday 13 April 2025,Minnesota Timberwolves,Utah Jazz,15:30,NBA League Pass
Sunday 13 April 2025,New Orleans Pelicans,Oklahoma City Thunder,15:30,NBA League Pass
Sunday 13 April 2025,San Antonio Spurs,Toronto Raptors,15:30,NBA League Pass
Sunday 13 April 2025,Golden State Warriors,LA Clippers,15:30,NBA League Pass
Sunday 13 April 2025,Portland Trail Blazers,Los Angeles Lakers,15:30,NBA League Pass
Sunday 13 April 2025,Sacramento Kings,Phoenix Suns,15:30,NBA League Pass